Fit_data,Model,Regime,Term,Estimate
train,AR,All,Intercept,0.011062466459516525
train,AR,All,lag_1,0.018931424549552434
train,AR,All,lag_2,0.013137474647819398
train,AR,All,lag_3,-0.0063493440140665255
train,SETAR,Low,Intercept,-0.01606735318920055
train,SETAR,Low,lag_1,0.04868147633889129
train,SETAR,Low,lag_2,0.002556935947131382
train,SETAR,Low,lag_3,-0.005595304542339084
train,SETAR,Low,lag_4,-0.02871731134970917
train,SETAR,High,Intercept,0.06769269893250457
train,SETAR,High,lag_1,-0.06387686909684617
train,SETAR,High,lag_2,0.039659306071882686
train,SETAR,High,lag_3,-0.003215067941326639
train,SETAR,High,lag_4,-0.008722581191257305
train_validation,AR,All,Intercept,0.03184499535158952
train_validation,AR,All,lag_1,0.009691488630921369
train_validation,AR,All,lag_2,0.029268398824966346
train_validation,AR,All,lag_3,-0.012910639342583363
train_validation,SETAR,Low,Intercept,0.0014140950889323662
train_validation,SETAR,Low,lag_1,0.04815235346695078
train_validation,SETAR,Low,lag_2,0.010709761821090359
train_validation,SETAR,Low,lag_3,-0.013201909093788437
train_validation,SETAR,Low,lag_4,-0.02858919013818678
train_validation,SETAR,High,Intercept,0.11401013121130257
train_validation,SETAR,High,lag_1,-0.09027241475707684
train_validation,SETAR,High,lag_2,0.07381011666213193
train_validation,SETAR,High,lag_3,-0.00429795416018459
train_validation,SETAR,High,lag_4,-0.01760516113868872
