Date,actual_return,actual_close,Zero,Mean,AR,threshold_variable,SETAR_regime,SETAR,previous_close,Zero_price_point,Mean_price_point,AR_price_point,SETAR_price_point,Split
2025-01-02,2.2680820355074216,29.5645,0.0,0.013082029081687199,-0.0026004157740827736,0.6226565394058731,Low,-0.03908609961618033,28.9015,28.9015,28.90528114995522,28.900748450606798,28.890205738306403,validation
2025-01-03,0.1605367340124207,29.612,0.0,0.013082029081687199,0.060676008591926955,-1.4294405765286609,Low,0.1430247676666026,29.5645,29.5645,29.568367889481554,29.582444001861695,29.60681481055324,validation
2025-01-06,1.1282859787587003,29.948,0.0,0.013082029081687199,0.04512759428175632,-1.451896910183036,Low,0.040324834140902856,29.612,29.612,29.61587410385184,29.62536619891388,29.62394339780164,validation
2025-01-07,0.3400116612777737,30.05,0.0,0.013082029081687199,0.020130741514275814,-0.1935740938710838,Low,0.03213807394253674,29.948,29.948,29.951918062344824,29.954029361325905,29.95762625714828,validation
2025-01-08,0.1994681512425786,30.11,0.0,0.013082029081687199,0.03130289706125765,2.2680820355074216,High,0.07042119131179381,30.05,30.05,30.053931406887337,30.059407992977263,30.071169020852693,validation
2025-01-09,0.0,30.11,0.0,0.013082029081687199,0.01214170146941708,0.1605367340124207,Low,-0.016410848100663757,30.11,30.11,30.113939256618227,30.113656088263607,30.10505909906985,validation
2025-01-10,0.721403572039123,30.328,0.0,0.013082029081687199,0.011524123233266459,1.1282859787587003,High,0.06466874074569522,30.11,30.11,30.113939256618227,30.113470113451772,30.12947805526624,validation
2025-01-13,-2.362156937438089,29.62,0.0,0.013082029081687199,0.023453171841263814,0.3400116612777737,Low,0.008171331941668416,30.328,30.328,30.331967777307128,30.335113712118975,30.330478302805066,validation
2025-01-14,0.9609320321999132,29.906,0.0,0.013082029081687199,-0.024179108237284176,0.1994681512425786,Low,-0.13494424652568898,29.62,29.62,29.62387515048263,29.612839013906292,29.580056470987635,validation
2025-01-15,2.551925228207052,30.679,0.0,0.013082029081687199,-0.006358937607259151,0.0,Low,0.020635880130030877,29.906,29.906,29.9099125675332,29.904098356581972,29.91217200311337,validation
2025-01-16,0.4569225084981455,30.8195,0.0,0.013082029081687199,0.0869964135957299,0.721403572039123,Low,0.10312139253698804,30.679,30.679,30.68301369823283,30.705701242604714,30.71065292968237,validation
2025-01-17,-1.655444868442823,30.3135,0.0,0.013082029081687199,0.04713722539626898,-2.362156937438089,Low,0.07515950731199063,30.8195,30.8195,30.823532079686,30.834030881639162,30.84267249143038,validation
2025-01-20,0.6887339940439178,30.523,0.0,0.013082029081687199,-0.0304777064640019,0.9609320321999132,Low,-0.13736271497129676,30.3135,30.3135,30.31746588028883,30.304262548204264,30.271889138844273,validation
2025-01-21,1.0364475806251698,30.841,0.0,0.013082029081687199,-0.0005483410817844186,2.551925228207052,High,-0.06568367887608505,30.523,30.523,30.52699328893252,30.522832630310486,30.502957953593924,validation
2025-01-22,-0.0437824828418155,30.8275,0.0,0.013082029081687199,0.050243109983596046,0.4569225084981455,Low,0.032290626143645716,30.841,30.841,30.845034892506234,30.856499370906977,30.85096036005373,validation
2025-01-23,-1.2468948778894624,30.4455,0.0,0.013082029081687199,0.01947689644089466,-1.655444868442823,Low,0.028137630248509155,30.8275,30.8275,30.831533126316785,30.83350482500811,30.83617534842635,validation
2025-01-24,0.6563948172330659,30.646,0.0,0.013082029081687199,-0.01969898334276032,0.6887339940439178,Low,-0.10245781408835036,30.4455,30.4455,30.449483149696785,30.43950313670632,30.414322180995086,validation
2025-01-27,-1.4064374838335292,30.218,0.0,0.013082029081687199,0.007385895615265545,1.0364475806251698,Low,-0.016820326306013843,30.646,30.646,30.650009380880842,30.648263565161507,30.640845676299442,validation
2025-01-28,0.641593479199192,30.4125,0.0,0.013082029081687199,0.0009769361501168194,-0.0437824828418155,Low,-0.07462237501137238,30.218,30.218,30.22195338613383,30.21829521200786,30.1954590220716,validation
2025-01-29,1.389398763951989,30.838,0.0,0.013082029081687199,0.000564031711191914,-1.2468948778894624,Low,0.04370493355409217,30.4125,30.4125,30.416478832344797,30.41267153662793,30.42579466791841,validation
2025-01-30,2.578506050143629,31.6435,0.0,0.013082029081687199,0.05472463781483785,0.6563948172330659,Low,0.0422306950008148,30.838,30.838,30.84203450001969,30.8548806023123,30.851025851984673,validation
2025-01-31,-0.9765159887067224,31.336,0.0,0.013082029081687199,0.07405675251888846,-1.4064374838335292,Low,0.14980992393365397,31.6435,31.6435,31.647639882656886,31.66694282791042,31.69094062979306,validation
2025-02-03,0.8215458447855739,31.5945,0.0,0.013082029081687199,0.017628914835844486,0.641593479199192,Low,-0.08321146729563511,31.336,31.336,31.340099652786076,31.341524683709544,31.30993570035527,validation
2025-02-04,1.7118305497980706,32.14,0.0,0.013082029081687199,-0.0025852763654656986,1.389398763951989,High,-0.04392223959606581,31.5945,31.5945,31.59863347204333,31.59368320541696,31.580626035111912,validation
2025-02-05,0.5337317951745054,32.312,0.0,0.013082029081687199,0.06046313101006469,2.578506050143629,High,-0.028423402027536616,32.14,32.14,32.14420483918,32.159438726345726,32.130866016744235,validation
2025-02-06,-0.2913375685337684,32.218,0.0,0.013082029081687199,0.038439622927024235,-0.9765159887067224,Low,0.037738654125668986,32.312,32.312,32.31622734174188,32.324422998484096,32.3241964151578,validation
2025-02-07,-1.1299555253933395,31.856,0.0,0.013082029081687199,0.0016899181357530428,0.8215458447855739,Low,-0.06205617918896579,32.218,32.218,32.22221504383016,32.218544462425456,32.19801294243244,validation
2025-02-10,0.5915417634349645,32.045,0.0,0.013082029081687199,-0.017545488013195318,1.7118305497980706,High,0.11166890937237359,31.856,31.856,31.86016768378712,31.850411199644,31.89159311729391,validation
2025-02-11,-0.6826178810946031,31.827,0.0,0.013082029081687199,0.009266235100718882,0.5337317951745054,Low,-0.003856670449307715,32.045,32.045,32.049192410439424,32.04796950261645,32.04376415378593,validation
2025-02-12,1.2737832617339306,32.235,0.0,0.013082029081687199,0.013085378818969515,-0.2913375685337684,Low,-0.03309678806972927,31.827,31.827,31.831163889750528,31.83116495601091,31.816468028229377,validation
2025-02-13,0.3406630733365248,32.345,0.0,0.013082029081687199,0.02245322090975054,-1.1299555253933395,Low,0.07333631464756393,32.235,32.235,32.23921726792057,32.242238608380205,32.25864863148415,validation
2025-02-14,-0.5114307931711586,32.18,0.0,0.013082029081687199,0.0385801747942746,0.5915417634349645,Low,-0.009394423700400152,32.345,32.345,32.349231659093874,32.357481165010036,32.34196151638035,validation
2025-02-17,0.6875007723989446,32.402,0.0,0.013082029081687199,-0.0022318826524226516,-0.6826178810946031,Low,-0.02761776063393119,32.18,32.18,32.184210072333926,32.179281788177306,32.17111383176482,validation
2025-02-18,1.4796477465087787,32.885,0.0,0.013082029081687199,0.015195939335043134,1.2737832617339306,High,-0.008711621117380984,32.402,32.402,32.40623911633822,32.40692416239023,32.39917738347516,validation
2025-02-19,-0.5503943639238754,32.7045,0.0,0.013082029081687199,0.05135358014544074,0.3406630733365248,Low,0.05080066250875671,32.885,32.885,32.88930230667188,32.90189196177316,32.90171004191264,validation
2025-02-20,0.7524100318762346,32.9515,0.0,0.013082029081687199,0.015716372929957607,-0.5114307931711586,Low,-0.028237857754820142,32.7045,32.7045,32.70877869206479,32.70964036511378,32.695266253578026,validation
2025-02-21,-1.2582047463749102,32.5395,0.0,0.013082029081687199,0.008681075643732666,0.6875007723989446,Low,-0.00886849865073706,32.9515,32.9515,32.95581100679029,32.95436066880736,32.94857782624549,validation
2025-02-24,-0.5608902634632554,32.3575,0.0,0.013082029081687199,0.0006222691141261893,1.4796477465087787,High,0.16676614623061464,32.5395,32.5395,32.54375710530484,32.539702483888384,32.59381014303218,validation
2025-02-25,-1.8905865017234424,31.7515,0.0,0.013082029081687199,-0.02086292833310007,-0.5503943639238754,Low,-0.03499358517869037,32.3575,32.3575,32.361733294454474,32.3507499821148,32.346178931615185,validation
2025-02-26,0.330147451178014,31.8565,0.0,0.013082029081687199,-0.024108936093854744,0.7524100318762346,Low,-0.12410521013197305,31.7515,31.7515,31.75565401217249,31.74384597384537,31.712119176086645,validation
2025-02-27,-1.874218180974064,31.265,0.0,0.013082029081687199,-0.00396361897731253,-1.2582047463749102,Low,0.03444121283848904,31.8565,31.8565,31.860667749201546,31.85523735474388,31.867473654589286,validation
2025-02-28,-0.5050313351611972,31.1075,0.0,0.013082029081687199,-0.00807786576530731,-0.5608902634632554,Low,-0.0797772277647656,31.265,31.265,31.269090363937856,31.262474557270785,31.24006759625194,validation
2025-03-03,1.8536448062806976,31.6895,0.0,0.013082029081687199,-0.025217209737172806,-1.8905865017234424,Low,0.007000005648382726,31.1075,31.1075,31.11156975839427,31.099656545472765,31.10967760297235,validation
2025-03-04,0.928164717164472,31.985,0.0,0.013082029081687199,0.051419822877677,0.330147451178014,Low,0.07388535416770728,31.6895,31.6895,31.693645900783903,31.705798874837992,31.712922551160872,validation
2025-03-05,2.0853425677892306,32.659,0.0,0.013082029081687199,0.05619277610546894,-1.874218180974064,Low,0.0905050377303967,31.985,31.985,31.989184560708534,32.002978310220065,32.01396113998652,validation
2025-03-06,-0.0658534554745905,32.6375,0.0,0.013082029081687199,0.050965283827373135,-0.5050313351611972,Low,0.09195489430200834,32.659,32.659,32.663272739352195,32.6756489942884,32.6890453609029,validation
2025-03-07,-0.4483417358241851,32.4915,0.0,0.013082029081687199,0.031318664761225634,1.8536448062806976,High,0.13544977069914702,32.6375,32.6375,32.641769926531964,32.64772323001745,32.68173737185791,validation
2025-03-10,-1.3806146081317323,32.046,0.0,0.013082029081687199,-0.011530986736493807,0.928164717164472,Low,-0.07638419576951988,32.4915,32.4915,32.49575082552013,32.48775362544564,32.466691105275146,validation
2025-03-11,2.7500174935062454,32.9395,0.0,0.013082029081687199,-0.020546486770965648,2.0853425677892306,High,0.12012326887787368,32.046,32.046,32.050192541268274,32.039416349227004,32.08451783255274,validation
2025-03-12,0.9697961203795604,33.2605,0.0,0.013082029081687199,0.047833101651651055,-0.0658534554745905,Low,0.11867715796708941,32.9395,32.9395,32.94380943684411,32.955259753407496,32.97861486806458,validation
2025-03-13,1.833629233480632,33.876,0.0,0.013082029081687199,0.07431637074080301,-0.4483417358241851,Low,0.05877550068982321,33.2605,33.2605,33.26485143290437,33.28522718352488,33.280054771551434,validation
2025-03-14,-0.2068497531366645,33.806,0.0,0.013082029081687199,0.04105554477907675,-1.3806146081317323,Low,0.0999364856991215,33.876,33.876,33.88043195806041,33.88991083173784,33.909871406022816,validation
2025-03-17,0.0739240390274408,33.831,0.0,0.013082029081687199,0.02507819434147163,2.7500174935062454,High,0.12652086524854886,33.806,33.806,33.81042280004104,33.814478997524375,33.84879871264752,validation
2025-03-18,0.4982982697900905,34.0,0.0,0.013082029081687199,-0.0018978723585955821,0.9697961203795604,Low,-0.05110717451560109,33.831,33.831,33.835426070762246,33.830357936895155,33.813714349269716,validation
2025-03-19,-0.4332902892488365,33.853,0.0,0.013082029081687199,0.022780497987696983,1.833629233480632,High,0.023465797818080412,34.0,34.0,34.004448180837585,34.00774625159966,34.00797930742561,validation
2025-03-20,-0.940813302509592,33.536,0.0,0.013082029081687199,0.00893667577227351,-0.2068497531366645,Low,-0.030359906142641706,33.853,33.853,33.857428948996905,33.856025468035305,33.84272382097162,validation
2025-03-21,-1.4961074565628227,33.038,0.0,0.013082029081687199,-0.015604676918823406,0.0739240390274408,Low,-0.067886459448134,33.536,33.536,33.540387476252036,33.53076722383803,33.51324132286358,validation
2025-03-24,-0.2773380374140359,32.9465,0.0,0.013082029081687199,-0.026869780778081102,0.4982982697900905,Low,-0.10319106772402657,33.038,33.038,33.04232232348565,33.02912395436694,33.00392531908253,validation
2025-03-25,2.3472967676923875,33.729,0.0,0.013082029081687199,-0.007869464140872454,-0.4332902892488365,Low,-0.015686960145713934,32.9465,32.9465,32.950810352646045,32.94390738901046,32.94133210102932,validation
2025-03-26,-0.2790809958163124,33.635,0.0,0.013082029081687199,0.061355917600817836,-0.940813302509592,Low,0.132882188647851,33.729,33.729,33.73341272621973,33.74970108746924,33.77384962539144,validation
2025-03-27,2.347725687671135,34.434,0.0,0.013082029081687199,0.038377532028200975,-1.4961074565628227,Low,0.020864433823473617,33.635,33.635,33.639400428308,33.64791076015478,33.64201848447459,validation
2025-03-28,-0.8896985601212863,34.129,0.0,0.013082029081687199,0.03693804399029836,-0.2773380374140359,Low,0.09234036959805426,34.434,34.434,34.43850496055769,34.446721595477236,34.46581116788201,validation
2025-03-31,-0.1202046555456594,34.088,0.0,0.013082029081687199,0.026834373248774884,2.3472967676923875,High,0.19805580673970516,34.129,34.129,34.133465057759,34.13815953214263,34.19666144787796,validation
2025-04-01,-1.1655315548602228,33.693,0.0,0.013082029081687199,-0.017808089226930827,-0.2790809958163124,Low,-0.02931577987020482,34.088,34.088,34.09245969377623,34.08193011902527,34.07800830160156,validation
2025-04-02,0.5756114175775334,33.8875,0.0,0.013082029081687199,-0.006932889619193581,2.347725687671135,High,0.11975818565758263,33.693,33.693,33.697408016381196,33.690664182471366,33.73337429643063,validation
2025-04-03,-6.182046750294341,31.856,0.0,0.013082029081687199,0.007410690038188578,-0.8896985601212863,Low,0.035196403099433636,33.8875,33.8875,33.89193346259217,33.890011390641234,33.899429280315964,validation
2025-04-04,-6.869918210731635,29.741,0.0,0.013082029081687199,-0.09101004394900897,-0.1202046555456594,Low,-0.3055732557422529,31.856,31.856,31.86016768378712,31.82702102928683,31.758805159998985,validation
2025-04-07,1.1500143457790906,30.085,0.0,0.013082029081687199,-0.20386610917079614,-1.1655315548602228,Low,-0.3360620002082875,29.741,29.741,29.744890980773253,29.68042994235956,29.641219556503238,validation
2025-04-08,-0.9249894813082428,29.808,0.0,0.013082029081687199,-0.018167558519882582,0.5756114175775334,Low,0.04041152411521059,30.085,30.085,30.088935985897024,30.07953478648226,30.09716026393857,validation
2025-04-09,4.024211627843337,31.032,0.0,0.013082029081687199,0.05227885626573682,-6.182046750294341,Low,0.15781435215987333,29.808,29.808,29.811899746306082,29.823587355566286,29.855078440588944,validation
2025-04-10,0.5991937671088682,31.2185,0.0,0.013082029081687199,0.06779266270081448,-6.869918210731635,Low,0.368322970810795,31.032,31.032,31.036059880816236,31.053044551614285,31.146508735837017,validation
2025-04-11,2.786073852989328,32.1005,0.0,0.013082029081687199,0.081147112716571,1.1500143457790906,High,0.1819583282791631,31.2185,31.2185,31.222584280396415,31.24384319262729,31.275356372479205,validation
2025-04-14,0.7804236499412929,32.352,0.0,0.013082029081687199,0.04612760231080498,-0.9249894813082428,Low,0.12514145657525005,32.1005,32.1005,32.10469967144049,32.11531060660602,32.140696179064186,validation
2025-04-15,-0.1113379220598601,32.316,0.0,0.013082029081687199,0.05863448515720757,4.024211627843337,High,0.09130747395375526,32.352,32.352,32.356232574895806,32.37097499103857,32.38155328409888,validation
2025-04-16,1.367631993205223,32.761,0.0,0.013082029081687199,0.0015177355629737016,0.5991937671088682,Low,-0.05228811997684642,32.316,32.316,32.32022786505728,32.31649047514658,32.29910698805235,validation
2025-04-17,-0.6323175602501392,32.5545,0.0,0.013082029081687199,0.03053581099184221,2.786073852989328,High,-0.05089380604362155,32.761,32.761,32.765286083894715,32.771005364570904,32.74433092232588,validation
2025-04-21,0.4077133878128465,32.6875,0.0,0.013082029081687199,0.017765947683533647,0.7804236499412929,Low,-0.0651412574903142,32.5545,32.5545,32.55875906773756,32.560284129226105,32.53330049489207,validation
2025-04-22,-0.5614200535902425,32.5045,0.0,0.013082029081687199,0.0017904397720771665,-0.1113379220598601,Low,-0.002291050778153033,32.6875,32.6875,32.69177646797437,32.688085255239805,32.68675112135552,validation
2025-04-23,3.256700006466959,33.5805,0.0,0.013082029081687199,0.009805111086498366,1.367631993205223,High,0.10982774705711122,32.5045,32.5045,32.508752526295154,32.50768725858768,32.54021857090268,validation
2025-04-24,0.0104221724368468,33.584,0.0,0.013082029081687199,0.06275208263328919,-0.6323175602501392,Low,0.15691527568081257,33.5805,33.5805,33.58489329813578,33.601579076196614,33.63323429741371,validation
2025-04-25,-1.6421617579458567,33.037,0.0,0.013082029081687199,0.05760923585780017,0.4077133878128465,Low,-0.015799929256010474,33.584,33.584,33.58839375603675,33.60335305981018,33.57869417092832,validation
2025-04-28,0.3791573965039351,33.1625,0.0,0.013082029081687199,-0.04056698262470297,-0.5614200535902425,Low,-0.09808331698822183,33.037,33.037,33.0413221926568,33.02360060399936,33.00461210072608,validation
2025-04-29,-0.6959707342013063,32.9325,0.0,0.013082029081687199,-0.0033995763169721834,3.256700006466959,High,-0.05009402244345087,33.1625,33.1625,33.16683861167725,33.16137263466682,33.145891730029746,validation
2025-04-30,-0.9611057964078976,32.6175,0.0,0.013082029081687199,0.013294569628334028,0.0104221724368468,Low,-0.040089656469359886,32.9325,32.9325,32.93680852104217,32.93687852518944,32.9193001199533,validation
2025-05-01,-0.6243100607354483,32.4145,0.0,0.013082029081687199,-0.01868333403139231,-1.6421617579458567,Low,-0.019597985478036643,32.6175,32.6175,32.621767309955,32.611406532771454,32.61110825343394,validation
2025-05-02,-1.212023186013909,32.024,0.0,0.013082029081687199,-0.008964157769837588,0.3791573965039351,Low,-0.05591138739439375,32.4145,32.4145,32.41874075169882,32.41159444331098,32.39638166891018,validation
2025-05-05,1.4354387624079636,32.487,0.0,0.013082029081687199,-0.013982325298797364,-0.6959707342013063,Low,-0.05130266418512042,32.024,32.024,32.028189663033615,32.019522613175006,32.00757504840049,validation
2025-05-06,2.2372297754532986,33.222,0.0,0.013082029081687199,0.026278402553770914,-0.9611057964078976,Low,0.0818064386199313,32.487,32.487,32.491250236790314,32.49553818643801,32.513587331306134,validation
2025-05-07,-2.3157535329235235,32.4615,0.0,0.013082029081687199,0.07997000566418191,-0.6243100607354483,Low,0.12122476539171861,33.222,33.222,33.226346395993716,33.2485782611838,33.262297712026935,validation
2025-05-08,-0.0046209653204731,32.46,0.0,0.013082029081687199,-0.012500591881674315,-1.212023186013909,Low,-0.09630687060579475,32.4615,32.4615,32.465746900654686,32.45744237398525,32.430252394409024,validation
2025-05-09,0.9138644973742622,32.758,0.0,0.013082029081687199,-0.033653109809040904,1.4354387624079636,High,-0.04356688329849884,32.46,32.46,32.464246704411416,32.449078038448924,32.44586126980698,validation
2025-05-12,-0.4788907476119196,32.6015,0.0,0.013082029081687199,0.043006031257647244,2.2372297754532986,High,-0.0029344816326919276,32.758,32.758,32.76228569140817,32.772090945480414,32.75703873661088,validation
2025-05-13,0.9342295733357012,32.9075,0.0,0.013082029081687199,0.014031594167916057,-2.3157535329235235,Low,0.02948430211856068,32.6015,32.6015,32.60576521669343,32.60607483112602,32.6111137419579,validation
2025-05-14,-2.091149986408143,32.2265,0.0,0.013082029081687199,0.016654908007183857,-0.0046209653204731,Low,0.023207180239519957,32.9075,32.9075,32.91180525032097,32.91298117028173,32.91513778906078,validation
2025-05-15,1.2718796918329824,32.639,0.0,0.013082029081687199,-0.013211922293284335,0.9138644973742622,Low,-0.13904304832181116,32.2265,32.2265,32.23071615587537,32.222242541114426,32.18172242929624,validation
2025-05-16,-1.2160406309600358,32.2445,0.0,0.013082029081687199,0.0017367860011128153,-0.4788907476119196,Low,0.04902784708998659,32.639,32.639,32.643270122775235,32.63956687450559,32.6550061224197,validation
2025-05-19,0.354470330215126,32.359,0.0,0.013082029081687199,0.018027802860554467,0.9342295733357012,Low,-0.08714183199986332,32.2445,32.2445,32.24871851079464,32.25031349890069,32.21641379117658,validation
2025-05-20,2.2278489521738942,33.088,0.0,0.013082029081687199,-0.006278209896869181,-2.091149986408143,Low,0.05101509882313286,32.359,32.359,32.36323349069775,32.356968497831126,32.375512187324404,validation
2025-05-21,0.9160644983159464,33.3925,0.0,0.013082029081687199,0.06561672608304922,1.2718796918329824,High,-0.06774169026322445,33.088,33.088,33.092328864928064,33.109718386994366,33.0655932197484,validation
2025-05-22,-1.0143356893339424,33.0555,0.0,0.013082029081687199,0.05542252745094842,-1.2160406309600358,Low,0.06716253404545694,33.3925,33.3925,33.396868702312325,33.41101209694121,33.41493478222193,validation
2025-05-23,1.2894678215614197,33.4845,0.0,0.013082029081687199,-0.010250958397363816,0.354470330215126,Low,-0.0857493220023349,33.0555,33.0555,33.0598246129905,33.05211166811817,33.027167282158324,validation
2025-05-26,0.0149311673464041,33.4895,0.0,0.013082029081687199,0.016331711190597994,2.2278489521738942,High,-0.07728012084081594,33.4845,33.4845,33.48888073856635,33.48996903841523,33.45863313419699,validation
2025-05-27,-0.6681072248143908,33.2665,0.0,0.013082029081687199,0.034725851779840285,0.9160644983159464,Low,-0.03267478761826227,33.4895,33.4895,33.4938813927106,33.50113153358948,33.478559164545295,validation
2025-05-28,-0.8755698041110174,32.9765,0.0,0.013082029081687199,-0.00957687201975465,-1.0143356893339424,Low,-0.026639592562781984,33.2665,33.2665,33.270852217877454,33.26331426241899,33.25763912024364,validation
2025-05-29,1.0467667223314203,33.3235,0.0,0.013082029081687199,-0.014385362070915553,1.2894678215614197,High,0.08582919529256003,32.9765,32.9765,32.98081427751149,32.97175655226593,33.004815614379375,validation
2025-05-30,-0.9952281430490408,32.9935,0.0,0.013082029081687199,0.023618518189041274,0.0149311673464041,Low,0.035961500738233246,33.3235,33.3235,33.32785967512181,33.33137144643164,33.33548578570354,validation
2025-06-02,5.19984876613114,34.7545,0.0,0.013082029081687199,0.011532545131232166,-0.6681072248143908,Low,-0.03775469013418872,32.9935,32.9935,32.9978165016019,32.99730520969242,32.98104575748884,validation
2025-06-03,-0.663984309848895,34.5245,0.0,0.013082029081687199,0.08978194452394933,-0.8755698041110174,Low,0.2538112589472963,34.7545,34.7545,34.759046891203525,34.78571727755202,34.84282287327436,validation
2025-06-04,-0.0579466617208434,34.5045,0.0,0.013082029081687199,0.07312422478576733,1.0467667223314203,Low,-0.05958713075497709,34.5245,34.5245,34.52901680056845,34.549755005624355,34.50393396900491,validation
2025-06-05,3.27014713974252,35.6515,0.0,0.013082029081687199,-0.03177325206922574,-0.9952281430490408,Low,-0.021100508553543038,34.5045,34.5045,34.50901418399148,34.49353853973819,34.49722014309656,validation
2025-06-06,0.8421308208939443,35.953,0.0,0.013082029081687199,0.07642560230537657,5.19984876613114,High,-0.18671353460998394,35.6515,35.6515,35.656164244680326,35.678757288052466,35.5849959295793,validation
2025-06-09,2.217056371500837,36.759,0.0,0.013082029081687199,0.07033460098886174,-0.663984309848895,Low,0.05268244859320812,35.953,35.953,35.957703689578054,35.978296294074454,35.97194591088941,validation
2025-06-10,-0.626294030213653,36.5295,0.0,0.013082029081687199,0.04333468502148971,-0.0579466617208434,Low,0.07738210185133186,36.759,36.759,36.76380913762967,36.774932848842646,36.78745589528452,validation
2025-06-11,-0.7749739928070751,36.2475,0.0,0.013082029081687199,0.022985371867366454,3.27014713974252,High,0.1643936861941465,36.5295,36.5295,36.53427911240902,36.53789740646687,36.589601579663906,validation
2025-06-12,0.3016344249248128,36.357,0.0,0.013082029081687199,-0.0259136707584254,0.8421308208939443,Low,-0.09198446356949938,36.2475,36.2475,36.252242218673835,36.23810815912976,36.21417326162826,validation
2025-06-13,-0.2561244015911771,36.264,0.0,0.013082029081687199,0.010568190885088593,2.217056371500837,High,0.0003654291303688233,36.357,36.357,36.36175654443271,36.36084248019683,36.35713285931168,validation
2025-06-16,0.1543040094544435,36.32,0.0,0.013082029081687199,0.015096957768140037,-0.626294030213653,Low,-0.005442911116833857,36.264,36.264,36.26874437734983,36.269475174046995,36.26202623642818,validation
2025-06-17,2.2056714455896325,37.13,0.0,0.013082029081687199,0.008703652609271986,-0.7749739928070751,Low,0.011356933078146413,36.32,36.32,36.32475170376533,36.32316130420016,36.3241250723304,validation
2025-06-18,-1.0463928921917895,36.7435,0.0,0.013082029081687199,0.056472355961162846,0.3016344249248128,Low,0.08447349890247054,37.13,37.13,37.134857675132345,37.15097410749729,37.16137826143425,validation
2025-06-19,-0.9214009137784196,36.4065,0.0,0.013082029081687199,0.01924998183087663,-0.2561244015911771,Low,-0.05487571714507961,36.7435,36.7435,36.74830710978252,36.750573797904586,36.72334227222548,validation
2025-06-20,-1.0756280912779557,36.017,0.0,0.013082029081687199,-0.03413249230244834,0.1543040094544435,Low,-0.08037066931323246,36.4065,36.4065,36.411263020460694,36.39407567467647,36.377251607415324,validation
2025-06-23,0.2551092529607066,36.109,0.0,0.013082029081687199,-0.014761678292733105,2.2056714455896325,High,0.08398340883783076,36.017,36.017,36.02171206262434,36.01168367872808,36.04726100969623,validation
2025-06-24,-0.5247898312115391,35.92,0.0,0.013082029081687199,0.007611302630642752,-1.0463928921917895,Low,0.028806538937679455,36.109,36.109,36.113724098878365,36.11174846986275,36.11940325148141,validation
2025-06-25,0.9558845381376904,36.265,0.0,0.013082029081687199,0.011308471491475836,-0.9214009137784196,Low,-0.008483975256998308,35.92,35.92,35.924699372226065,35.92406223264362,35.91695268535623,validation
2025-06-26,1.0587624274656957,36.651,0.0,0.013082029081687199,0.020644532960159924,-1.0756280912779557,Low,0.05858639618458634,36.265,36.265,36.269744508178675,36.272487512732425,36.28625258152926,validation
2025-06-27,-2.010471106245702,35.9215,0.0,0.013082029081687199,0.04699632753045675,0.2551092529607066,Low,0.033529207489736125,36.651,36.651,36.655795008114076,36.668228672107674,36.66329085023426,validation
2025-06-30,0.5289218047604423,36.112,0.0,0.013082029081687199,-0.019158390818898186,-0.5247898312115391,Low,-0.1015107791897966,35.9215,35.9215,35.926199568469336,35.914618677838334,35.88505430673655,validation
2025-07-01,-0.2190034834716985,36.033,0.0,0.013082029081687199,-0.012059250370672247,0.9558845381376904,Low,-0.028833836823589802,36.112,36.112,36.11672449136491,36.107645426075905,36.101589025860044,validation
2025-07-02,1.4355434091787556,36.554,0.0,0.013082029081687199,0.02663028802069696,1.0587624274656957,Low,-0.044531959074037425,36.033,36.033,36.03771415588591,36.04259696947609,36.016957371500354,validation
2025-07-03,0.7915734432305118,36.8445,0.0,0.013082029081687199,0.032003888991132864,-2.010471106245702,Low,0.10803288757968435,36.554,36.554,36.5587823177158,36.56570057380128,36.5935116806878,validation
2025-07-04,0.222309671202557,36.9265,0.0,0.013082029081687199,0.04629802297623527,0.5289218047604423,Low,0.01217438224341859,36.8445,36.8445,36.84932032349619,36.86156222450701,36.84898586332321,validation
2025-07-07,-0.4151973400154565,36.7735,0.0,0.013082029081687199,0.016555622316849712,-0.2190034834716985,Low,-0.004964098935431084,36.9265,36.9265,36.93133105146173,36.93261391795944,36.924666977503506,validation
2025-07-08,-0.0407985644564753,36.7585,0.0,0.013082029081687199,0.001096804909758024,1.4355434091787556,High,0.08796424602232046,36.7735,36.7735,36.77831103464797,36.77390333576539,36.80586176331485,validation
2025-07-09,-1.0364062251615989,36.3795,0.0,0.013082029081687199,0.0034239264063645482,0.7915734432305118,Low,-0.04309087188178556,36.7585,36.7585,36.76330907221524,36.75975860553483,36.74266385407105,validation
2025-07-10,1.7722965745275467,37.03,0.0,0.013082029081687199,-0.006457939155547623,0.222309671202557,Low,-0.0706864381143544,36.3795,36.3795,36.384259488081796,36.37715070988359,36.35379371374561,validation
2025-07-11,3.912463259095428,38.5075,0.0,0.013082029081687199,0.03125784895272653,-0.4151973400154565,Low,0.07971226791403302,37.03,37.03,37.034844592247524,37.04157659066955,37.05952922045065,validation
2025-07-14,-0.9654977473687588,38.1375,0.0,0.013082029081687199,0.11499497043012152,-0.0407985644564753,Low,0.1858994167430953,38.5075,38.5075,38.512537891870686,38.551807158857905,38.579151797404194,validation
2025-07-15,-1.1378817058396695,37.706,0.0,0.013082029081687199,0.032931184932705984,-1.0364062251615989,Low,-0.03321902980505729,38.1375,38.1375,38.14248948519687,38.150061198816005,38.12483319651919,validation
2025-07-16,0.5395696543851833,37.91,0.0,0.013082029081687199,-0.04800503255387977,1.7722965745275467,High,0.07404821306727051,37.706,37.706,37.71093303254889,37.68790356637219,37.733930959130966,validation
2025-07-17,0.6101107654083392,38.142,0.0,0.013082029081687199,0.012458673940902104,3.912463259095428,High,-0.0429235576750624,37.91,37.91,37.914959721633906,37.914723377519984,37.89373117111524,validation
2025-07-18,-0.0655660338992453,38.117,0.0,0.013082029081687199,0.03692611743462112,-0.9654977473687588,Low,0.04910667874236784,38.142,38.142,38.14699007392669,38.15608696043562,38.16073486906541,validation
2025-07-21,2.11561577209128,38.932,0.0,0.013082029081687199,0.014410609393410802,-1.1378817058396695,Low,0.011958656318349048,38.117,38.117,38.12198680320547,38.1224932877811,38.121558553594305,validation
2025-07-22,0.9268025407763208,39.2945,0.0,0.013082029081687199,0.04637891158033332,0.5395696543851833,Low,0.06784755251620497,38.932,38.932,38.937093428716736,38.950060425647145,38.95842337193756,validation
2025-07-23,-0.0738289239237524,39.2655,0.0,0.013082029081687199,0.05681830870779724,0.6101107654083392,Low,0.01730637790766351,39.2945,39.2945,39.29964085417419,39.31683281427805,39.30130104315707,validation
2025-07-24,-0.5208943563838083,39.0615,0.0,0.013082029081687199,0.008407852301070383,-0.0655660338992453,Low,-0.027246313799893163,39.2655,39.2655,39.270637060137595,39.26880152403697,39.25480305598255,validation
2025-07-25,-2.310055979023103,38.1695,0.0,0.013082029081687199,-0.005653319527475083,2.11561577209128,High,0.07660443217930847,39.0615,39.0615,39.06661037105257,39.05929179101192,39.0914343043138,validation
2025-07-28,-0.003929916489785,38.168,0.0,0.013082029081687199,-0.03904465517760606,0.9268025407763208,Low,-0.15605836398781225,38.1695,38.1695,38.17449367172001,38.15459975940506,38.10997975799537,validation
2025-07-29,0.0942753958685372,38.204,0.0,0.013082029081687199,-0.016052896853788946,-0.0738289239237524,Low,-0.01713060174517628,38.168,38.168,38.17299347547674,38.16187342208862,38.16146215192824,validation
2025-07-30,-2.8568820233616408,37.128,0.0,0.013082029081687199,0.027462944927597252,-0.5208943563838083,Low,0.016396215844437016,38.204,38.204,38.20899818531527,38.214493384310366,38.2102645238596,validation
2025-07-31,-1.119962954012541,36.7145,0.0,0.013082029081687199,-0.041758886997850825,-2.310055979023103,Low,-0.08854294579940786,37.128,37.128,37.132857413474646,37.11249899718382,37.095140324692636,validation
2025-08-01,0.7191932646756357,36.9795,0.0,0.013082029081687199,-0.04827082977682195,-0.003929916489785,Low,-0.07830831049296222,36.7145,36.7145,36.719303315745925,36.696781882886704,36.68576074942347,validation
2025-08-04,1.1707988486816046,37.415,0.0,0.013082029081687199,0.02810366134535843,0.0942753958685372,Low,0.029358152238094667,36.9795,36.9795,36.984337985390695,36.989894053933654,36.99035809169644,validation
2025-08-05,1.050192437051964,37.81,0.0,0.013082029081687199,0.049786769885629606,-2.8568820233616408,Low,0.13107629872997928,37.415,37.415,37.41989496135407,37.43363235779239,37.46407435256609,validation
2025-08-06,0.0555254439775683,37.831,0.0,0.013082029081687199,0.04175904008630188,-1.119962954012541,Low,0.06618944225934015,37.81,37.81,37.81494663874909,37.82579239020242,37.835034512306315,validation
2025-08-07,1.1459033638194072,38.267,0.0,0.013082029081687199,0.01847671406830758,0.7191932646756357,Low,-0.03788329082679402,37.831,37.831,37.83594938615491,37.83799057149325,37.81667108655066,validation
2025-08-08,0.3313291404566882,38.394,0.0,0.013082029081687199,0.02681748058149236,1.1707988486816046,High,-0.016890747711185174,38.267,38.267,38.27200642753271,38.277263621454956,38.260536963416335,validation
2025-08-11,-2.02324743163384,37.625,0.0,0.013082029081687199,0.03203672532882145,1.050192437051964,Low,-0.027477144935618664,38.394,38.394,38.399023042796415,38.40630215082066,38.38345187420169,validation
2025-08-12,0.7651713950333424,37.914,0.0,0.013082029081687199,-0.030163396118467176,0.0555254439775683,Low,-0.12172105752963508,37.625,37.625,37.62992243541218,37.613652733656906,37.57923031342877,validation
2025-08-13,1.5545574896347,38.508,0.0,0.013082029081687199,-0.0031358335419337385,1.1459033638194072,High,-0.07248512408076765,37.914,37.914,37.918960244949304,37.91281109871199,37.88652794783441,validation
2025-08-14,-1.2727373254983207,38.021,0.0,0.013082029081687199,0.06339116805498442,0.3313291404566882,Low,0.06337309816434525,38.508,38.508,38.513037957285114,38.53241840973449,38.532411446969256,validation
2025-08-15,-0.0763027413916397,37.992,0.0,0.013082029081687199,0.002532359002309661,-2.02324743163384,Low,-0.020230321809511134,38.021,38.021,38.02597424363606,38.02196284040751,38.01330900732732,validation
2025-08-18,0.0973415317388051,38.029,0.0,0.013082029081687199,-0.016973027770465336,0.7651713950333424,Low,-0.0537080788778168,37.992,37.992,37.99697044959945,37.98555215450222,37.971600705197766,validation
2025-08-19,-1.6945737575186384,37.39,0.0,0.013082029081687199,0.019983902111707592,1.5545574896347,High,0.048980895930087316,38.029,38.029,38.033975290266845,38.03660043754078,38.04763150748041,validation
2025-08-20,1.3758882618926027,37.908,0.0,0.013082029081687199,-0.019254934514888807,-1.2727373254983207,Low,-0.06133627829046549,37.39,37.39,37.39489169063286,37.3828012730622,37.36707339742835,validation
2025-08-21,0.6258731346286395,38.146,0.0,0.013082029081687199,0.014229516628024155,-0.0763027413916397,Low,0.048226556188101226,37.908,37.908,37.912959459976214,37.91339450896053,37.92628613195122,validation
2025-08-22,2.011304776422082,38.921,0.0,0.013082029081687199,0.05174626538787204,0.0973415317388051,Low,0.024605402330012384,38.146,38.146,38.15099059724208,38.165744238407285,38.15538713159619,validation
2025-08-25,-0.9188821332493322,38.565,0.0,0.013082029081687199,0.04862573561976842,-1.6945737575186384,Low,0.12441133856895645,38.921,38.921,38.9260919895994,38.93993022466807,38.9694522708942,validation
2025-08-26,0.1217979600406313,38.612,0.0,0.013082029081687199,0.01611630035233877,1.3758882618926027,High,0.19214144268052757,38.565,38.565,38.57004541452945,38.57121575209206,38.639170580762915,validation
2025-08-27,-0.0414464828231489,38.596,0.0,0.013082029081687199,-0.011473981322221128,0.6258731346286395,Low,-0.041714827861131176,38.612,38.612,38.61705156348532,38.60756992048997,38.595896429688096,validation
2025-08-28,1.179665966016811,39.054,0.0,0.013082029081687199,0.017712241881675,2.011304776422082,High,0.060581092342268404,38.596,38.596,38.60104947022374,38.60283682233603,38.61938896232952,validation
2025-08-29,1.9649986356579143,39.829,0.0,0.013082029081687199,0.032077384422998775,-0.9188821332493322,Low,0.06696087925657254,39.054,39.054,39.05910938983621,39.066529511174856,39.08015965917631,validation
2025-09-01,2.205040548299582,40.717,0.0,0.013082029081687199,0.0640236795695063,0.1217979600406313,Low,0.07934220746600783,39.829,39.829,39.83421078219354,39.854508156094475,39.86061374767582,validation
2025-09-02,0.4203154260037271,40.8885,0.0,0.013082029081687199,0.0711320399473825,-0.0414464828231489,Low,0.09089129295020534,40.717,40.717,40.7223269582107,40.745973136075094,40.75402503146651,validation
2025-09-03,0.8001942692003083,41.217,0.0,0.013082029081687199,0.03551184820965515,1.179665966016811,High,0.11168730720680554,40.8885,40.8885,40.89384939535817,40.90302284056713,40.93419277637323,validation
2025-09-04,-1.3286310965713315,40.673,0.0,0.013082029081687199,0.017732606138957867,1.9649986356579143,High,0.009018997156966267,41.217,41.217,41.222392372634786,41.22430949633524,41.22071752769752,validation
2025-09-05,0.7739256380252835,40.989,0.0,0.013082029081687199,-0.0062466082085799145,2.205040548299582,High,0.16371165514142497,40.673,40.673,40.67832120174139,40.670459396394925,40.7396409761342,validation
2025-09-08,0.874449935595102,41.349,0.0,0.013082029081687199,0.0031784152420087364,0.4203154260037271,Low,0.0016636052522439417,40.989,40.989,40.9943625436574,40.990302821327965,40.9896819008289,validation
2025-09-09,-1.1603005351914517,40.872,0.0,0.013082029081687199,0.046220413786368625,0.8001942692003083,Low,0.012935706585151143,41.349,41.349,41.35440964204274,41.368116096325615,41.3543491312824,validation
2025-09-10,0.7191732504635333,41.167,0.0,0.013082029081687199,-0.004329531834726244,-1.3286310965713315,Low,-0.03649222053356737,40.872,40.872,40.87734723668217,40.87023047205493,40.857087620718175,validation
2025-09-11,0.9525263006108946,41.561,0.0,0.013082029081687199,0.003881838259622683,0.7739256380252835,Low,-0.011141628966481092,41.167,41.167,41.17238583119238,41.16859806737334,41.162413581109,validation
2025-09-12,1.5542313269602714,42.212,0.0,0.013082029081687199,0.045910413853986545,0.874449935595102,Low,0.013522297107303426,41.561,41.561,41.566437377758554,41.58008520781557,41.566620381894566,validation
2025-09-15,1.111960194547461,42.684,0.0,0.013082029081687199,0.04843379131116509,-1.1603005351914517,Low,0.09132718949127933,42.212,42.212,42.21752254733872,42.23244982390102,42.25056864237588,validation
2025-09-16,-0.290929772092942,42.56,0.0,0.013082029081687199,0.04648421447445998,0.7191732504635333,Low,0.016056183777063814,42.684,42.684,42.68958429855504,42.70384593436226,42.690853971711824,validation
2025-09-17,-2.108540459049866,41.672,0.0,0.013082029081687199,0.010294750922862233,0.9525263006108946,Low,-0.06343742495942079,42.56,42.56,42.565568075777875,42.564381671529986,42.533009593851745,validation
2025-09-18,0.3545253557597186,41.82,0.0,0.013082029081687199,-0.039737508460961746,1.5542313269602714,High,0.1737096524308523,41.672,41.672,41.6774518997607,41.65544387518776,41.74445119550244,validation
2025-09-19,2.756957501361573,42.989,0.0,0.013082029081687199,-0.008079547134732159,1.111960194547461,High,-0.04734032633423147,41.82,41.82,41.825471262430234,41.816621269883136,41.80020696094132,validation
2025-09-22,2.485770075548527,44.071,0.0,0.013082029081687199,0.08130101599825357,-0.290929772092942,Low,0.1392045536612937,42.989,42.989,42.99462420135373,43.02396470517183,43.0488843167511,validation
2025-09-23,-0.0771780126382539,44.037,0.0,0.013082029081687199,0.09209009092612412,-2.108540459049866,Low,0.17056090319002098,44.071,44.071,44.07676575816745,44.111603717102525,44.14623203562646,validation
2025-09-24,-0.2888105069579835,43.91,0.0,0.013082029081687199,0.024753246475891996,0.3545253557597186,Low,-0.039075569775981304,44.037,44.037,44.04276130998661,44.047901936386516,44.01979565290499,validation
2025-09-25,2.8689480291056464,45.188,0.0,0.013082029081687199,-0.01120206139601041,2.756957501361573,High,0.05104047812813597,43.91,43.91,43.91574469472289,43.90508145033563,43.93241759448309,validation
2025-09-26,2.011152851272189,46.106,0.0,0.013082029081687199,0.062071528648495106,2.485770075548527,High,-0.1484549418131152,45.188,45.188,45.19391189399085,45.21605758935214,45.120965950884084,validation
2025-09-29,1.7777959380479589,46.933,0.0,0.013082029081687199,0.08866094418283327,-0.0771780126382539,Low,0.093006580859714,46.106,46.106,46.11203199487346,46.14689614169866,46.14890156171646,validation
2025-09-30,-0.6048125464530967,46.65,0.0,0.013082029081687199,0.05292420772638044,-0.2888105069579835,Low,0.067861990035242,46.933,46.933,46.939140190330896,46.95784549247232,46.964860477137435,validation
2025-10-01,1.4281244306980947,47.321,0.0,0.013082029081687199,0.01019875111722052,2.8689480291056464,High,0.1453417588562085,46.65,46.65,46.656103165766865,46.654757960018316,46.71785122664532,validation
2025-10-02,-0.7072562710037461,46.9875,0.0,0.013082029081687199,0.018865348873462785,2.011152851272189,High,-0.07077604303699273,47.321,47.321,47.32719095192398,47.32992811387384,47.287519918010666,validation
2025-10-03,2.08818062865471,47.979,0.0,0.013082029081687199,0.02027520915149333,1.7777959380479589,High,0.15594598309662608,46.9875,46.9875,46.993647320503115,46.99702777975605,47.060832283321105,validation
2025-10-06,1.129510573182962,48.524,0.0,0.013082029081687199,0.03223548584151202,-0.6048125464530967,Low,0.09315775278341483,47.979,47.979,47.985277037306076,47.99446875683241,48.023716983642565,validation
2025-10-07,-1.438455605471841,47.831,0.0,0.013082029081687199,0.06436974409337896,1.4281244306980947,High,0.06817584025621047,48.524,48.524,48.53034833902832,48.55524482965347,48.55709292413369,validation
2025-10-08,2.139766115708277,48.8655,0.0,0.013082029081687199,-0.01458920795855773,-0.7072562710037461,Low,-0.07457891754257436,47.831,47.831,47.83725767463655,47.82402234494602,47.79534145648088,validation
2025-10-09,0.6273066364295328,49.173,0.0,0.013082029081687199,0.025501961987172552,2.08818062865471,High,-0.14788279057536455,48.8655,48.8655,48.87189301707997,48.87796325035398,48.793289741404045,validation
2025-10-10,1.6638312252791956,49.998,0.0,0.013082029081687199,0.060182647301999306,1.129510573182962,High,0.10725643916003266,49.173,49.173,49.179433246950786,49.20260252005444,49.22576950311436,validation
2025-10-13,4.698083696844078,52.403,0.0,0.013082029081687199,0.03721627561830611,-1.438455605471841,Low,0.09587032454300136,49.998,49.998,50.004541180750515,50.01661085640263,50.04595622908814,validation
2025-10-14,-1.7343199729475876,51.502,0.0,0.013082029081687199,0.11787943839716021,2.139766115708277,High,-0.18710090369226132,52.403,52.403,52.409855824130354,52.46480878487027,52.305045179191275,validation
2025-10-15,2.8558057729404456,52.994,0.0,0.013082029081687199,0.029386037376856737,0.6273066364295328,Low,-0.1158081132317986,51.502,51.502,51.50873794733816,51.51713662088744,51.4423910281982,validation
2025-10-16,2.163467397794001,54.153,0.0,0.013082029081687199,0.012512603704168603,1.6638312252791956,High,-0.21312672045577719,52.994,52.994,53.000933143979616,53.00063134407524,52.881175897623045,validation
2025-10-17,-4.498322664088247,51.771,0.0,0.013082029081687199,0.10054985634608236,4.698083696844078,High,0.00735299045519888,54.153,54.153,54.16008477461464,54.207478147966945,54.156982011317865,validation
2025-10-20,1.2801372409319978,52.438,0.0,0.013082029081687199,-0.06380718485506537,-1.7343199729475876,Low,-0.1956945903360615,51.771,51.771,51.777773140298315,51.73797691899826,51.66978602107889,validation
2025-10-21,-7.360347419181125,48.717,0.0,0.013082029081687199,-0.037535910679689324,2.8558057729404456,High,-0.22434450777135623,52.438,52.438,52.44486040314004,52.41832061280745,52.320490089815706,validation
2025-10-22,-0.4505485171297942,48.498,0.0,0.013082029081687199,-0.08290022673616182,2.163467397794001,High,0.5842093951421412,48.717,48.717,48.72337358899602,48.67663023216747,49.002442269462954,validation
2025-10-23,0.8520649840324442,48.913,0.0,0.013082029081687199,-0.10229146814496909,-4.498322664088247,Low,0.0651963177122141,48.498,48.498,48.50434493747827,48.44841604817872,48.529629219586965,validation
2025-10-24,-0.8283554769244985,48.5095,0.0,0.013082029081687199,0.06800757852206474,1.2801372409319978,High,0.007894929948828452,48.913,48.913,48.91939923145026,48.94627586065351,48.91686179952705,validation
2025-10-27,-3.368867611521285,46.9025,0.0,0.013082029081687199,0.009435186904217345,-7.360347419181125,Low,0.15967609949076614,48.5095,48.5095,48.51584644201003,48.514077177920555,48.587019951429156,validation
2025-10-28,0.0053300642285278,46.905,0.0,0.013082029081687199,-0.06900754932886963,-0.4505485171297942,Low,-0.17401587503524135,46.9025,46.9025,46.90863620005103,46.870144899191075,46.82095317699842,validation
2025-10-29,1.852471996191416,47.782,0.0,0.013082029081687199,-0.027835526780987822,0.8520649840324442,Low,-0.04425597076453769,46.905,46.905,46.91113652712315,46.891945563133305,46.88424632962077,validation
2025-10-30,2.566097457829765,49.024,0.0,0.013082029081687199,0.0675925232726419,-0.8283554769244985,Low,0.11676532948303875,47.782,47.782,47.78825126402298,47.81430797712856,47.83782539574446,validation
2025-10-31,-0.7041705998799709,48.68,0.0,0.013082029081687199,0.08394530834357516,-3.368867611521285,Low,0.21030570848896327,49.024,49.024,49.03041375345241,49.06517062594912,49.12720875944629,validation
2025-11-03,-1.2329185200728374,48.0835,0.0,0.013082029081687199,0.019681572193704297,0.0053300642285278,Low,-0.054304280840843225,48.68,48.68,48.68636874832864,48.68958193225042,48.65357185254385,validation
2025-11-04,-1.937180306372079,47.161,0.0,0.013082029081687199,-0.037822496416033885,1.852471996191416,High,0.09411224143651513,48.0835,48.0835,48.08979070892071,48.06531705877371,48.12877376034482,validation
2025-11-05,1.7967008843134114,48.016,0.0,0.013082029081687199,-0.03733753076649974,2.566097457829765,High,0.12241798173066067,47.161,47.161,47.16717001930828,47.143394534042876,47.21876889690838,validation
2025-11-06,0.0291526978721714,48.03,0.0,0.013082029081687199,0.027455140351048037,-0.7041705998799709,Low,0.09356589339289222,48.016,48.016,48.022281877973455,48.02918467004297,48.060947623915325,validation
2025-11-07,0.7777298495301771,48.405,0.0,0.013082029081687199,0.04751830505951269,-1.2329185200728374,Low,0.03619111103714995,48.03,48.03,48.03628370957733,48.05282846534043,48.04738573648698,validation
2025-11-10,4.260781764360089,50.512,0.0,0.013082029081687199,0.014761121250159638,-1.937180306372079,Low,0.06744574703928598,48.405,48.405,48.4113327703954,48.412145648117054,48.437658125874854,validation
2025-11-11,1.3919148955743288,51.22,0.0,0.013082029081687199,0.10175744062693498,1.7967008843134114,High,-0.18939407118015705,50.512,50.512,50.51860842677848,50.563425878801084,50.41642380316002,validation
2025-11-12,3.9186921695383305,53.267,0.0,0.013082029081687199,0.08845123632897667,0.0291526978721714,Low,0.05739884246035763,51.22,51.22,51.22670105360297,51.26532476545037,51.24940812626282,validation
2025-11-13,-1.8502292254684496,52.2905,0.0,0.013082029081687199,0.07648196906179974,0.7777298495301771,Low,0.13208472237845978,53.267,53.267,53.27396886025517,53.307755233676104,53.33740405533406,validation
2025-11-14,-3.140175166517209,50.674,0.0,0.013082029081687199,0.01867896399779706,4.260781764360089,High,0.29965204528444694,52.2905,52.2905,52.29734110588494,52.300268235943506,52.44742454912944,validation
2025-11-17,-0.913900123122198,50.213,0.0,0.013082029081687199,-0.09757398698965611,1.3919148955743288,High,0.17015849757511786,50.674,50.674,50.68062962105188,50.62457947254335,50.7602995192213,validation
2025-11-18,0.9711123128516894,50.703,0.0,0.013082029081687199,-0.035745194549650895,3.9186921695383305,High,-0.02669988852889146,50.213,50.213,50.21956930895288,50.195054472983635,50.19959497461604,validation
2025-11-19,1.3010862485371235,51.367,0.0,0.013082029081687199,0.037378718637899135,-1.8502292254684496,Low,0.09957488892345887,50.703,50.703,50.709633415088476,50.72195567418433,50.75351260069021,validation
2025-11-20,-1.3780343715442835,50.664,0.0,0.013082029081687199,0.05425451227263222,-3.140175166517209,Low,0.14504545567489807,51.367,51.367,51.37372028544365,51.39487647675853,51.44155955877076,validation
2025-11-21,-1.3972898144259729,49.961,0.0,0.013082029081687199,-0.004098625817872247,-0.913900123122198,Low,-0.05901422139949241,50.664,50.664,50.6706283127634,50.661923514769605,50.634109855455684,validation
2025-11-24,2.761695831183628,51.36,0.0,0.013082029081687199,-0.04175515604006712,0.9711123128516894,Low,-0.12278073828984937,49.961,49.961,49.967536340083136,49.94014306121752,49.8996951583131,validation
2025-11-25,0.2430843727008325,51.485,0.0,0.013082029081687199,0.05373805749184801,1.3010862485371235,High,-0.17104968489245687,51.36,51.36,51.366719369641714,51.38760728347238,51.27222397354881,validation
2025-11-26,3.554598565143391,53.348,0.0,0.013082029081687199,0.06081798260678273,-1.3780343715442835,Low,0.05021953643844534,51.485,51.485,51.491735723247736,51.516321661981124,51.510862021685504,validation
2025-11-27,0.0796338757729811,53.3905,0.0,0.013082029081687199,0.064014638888716,-1.3972898144259729,Low,0.18227118134269638,53.348,53.348,53.35497945739187,53.382161462556226,53.44532670214205,validation
2025-11-28,5.519974012234028,56.4205,0.0,0.013082029081687199,0.05772507139632651,2.761695831183628,High,0.17870819984501216,53.3905,53.3905,53.39748501761792,53.42132860130386,53.48599850785455,validation
2025-12-01,2.776560328200052,58.009,0.0,0.013082029081687199,0.09404025688968774,0.2430843727008325,Low,0.22598695868540108,56.4205,56.4205,56.42788142902785,56.47358293889246,56.54814715065729,validation
2025-12-02,0.7676163566697992,58.456,0.0,0.013082029081687199,0.13563960459000673,3.554598565143391,High,0.07799175426076996,58.009,58.009,58.01658925065316,58.08773656513773,58.05425988392366,validation
2025-12-03,0.0906254069634232,58.509,0.0,0.013082029081687199,0.027023314566301544,0.0796338757729811,Low,-0.004771975240883678,58.456,58.456,58.46364773114829,58.471798883357714,58.4532105607094,validation
2025-12-04,-2.358869120898977,57.145,0.0,0.013082029081687199,0.005233338239166448,5.519974012234028,High,0.03527171211630758,58.509,58.509,58.51665466507725,58.51206205399348,58.52964076600392,validation
2025-12-05,2.148423771834578,58.386,0.0,0.013082029081687199,-0.03727755765794219,2.776560328200052,High,0.19527730210269645,57.145,57.145,57.15247621452835,57.12370170966424,57.256700241399756,validation
2025-12-08,-0.3912690329381093,58.158,0.0,0.013082029081687199,0.020170193837907805,0.7676163566697992,Low,0.059938655912621465,58.386,58.386,58.393638573128925,58.3977777571325,58.42100627373809,validation
2025-12-09,4.226941446899531,60.669,0.0,0.013082029081687199,0.04685732065186795,0.0906254069634232,Low,-0.019025452307455847,58.158,58.158,58.16560874415154,58.185257666152005,58.146936229946554,validation
2025-12-10,1.8891128755765465,61.826,0.0,0.013082029081687199,0.07230312092079366,-2.358869120898977,Low,0.2444252406772545,60.669,60.669,60.67693725538928,60.71288144234592,60.8174717265352,validation
2025-12-11,2.787272888644752,63.5735,0.0,0.013082029081687199,0.10484170211771676,2.148423771834578,High,0.09717780340182883,61.826,61.826,61.83408862436661,61.89085342152635,61.88611035096012,validation
2025-12-12,-2.727445416349528,61.863,0.0,0.013082029081687199,0.06180937998598256,-0.3912690329381093,Low,0.11203671657148755,63.5735,63.5735,63.58181724777877,63.612806532496016,63.64476557636097,validation
2025-12-15,3.541289090897968,64.093,0.0,0.013082029081687199,-0.01594886127044036,4.226941446899531,High,0.30951121515299396,61.863,61.863,61.87109346503399,61.85313434270318,62.05476954406164,validation
2025-12-16,-0.5358126450185295,63.7505,0.0,0.013082029081687199,0.024575014250314917,1.8891128755765465,High,-0.2921215654669104,64.093,64.093,64.1013852133654,64.10875279943053,63.90604372778913,validation
2025-12-17,3.8081008013100006,66.225,0.0,0.013082029081687199,0.06475985467791563,2.787272888644752,High,0.22682050931015935,63.7505,63.7505,63.7588404044849,63.79179810200855,63.895263323176934,validation
2025-12-18,-1.1107134082429715,65.4935,0.0,0.013082029081687199,0.05363115172532287,-2.727445416349528,Low,0.22645688552751908,66.225,66.225,66.23366414046967,66.26052675608277,66.3751410106052,validation
2025-12-19,2.573722729506093,67.201,0.0,0.013082029081687199,0.0434659659190489,3.541289090897968,High,0.26050172158717294,65.4935,65.4935,65.50206843916725,65.52197357009705,65.6643341113199,validation
2025-12-22,2.719343810726157,69.0535,0.0,0.013082029081687199,0.021015792855084564,-0.5358126450185295,Low,0.1004648607704731,67.201,67.201,67.20979182942548,67.21512430707212,67.26854731606348,validation
2025-12-23,3.459208195652451,71.484,0.0,0.013082029081687199,0.10340803727594494,3.8081008013100006,High,-0.03358386157400042,69.0535,69.0535,69.06253418986671,69.12494380197066,69.03031306190053,validation
2025-12-24,0.487033205914592,71.833,0.0,0.013082029081687199,0.09593406478236734,-1.1107134082429715,Low,0.1767811369666913,71.484,71.484,71.49335216938218,71.55261041198553,71.61048199316238,validation
2025-12-26,8.779877358304537,78.425,0.0,0.013082029081687199,0.04846190947550544,2.573722729506093,High,0.14257995861101452,71.833,71.833,71.84239782865018,71.86782007998988,71.93549251119595,validation
2025-12-29,-8.363804851947968,72.1325,0.0,0.013082029081687199,0.161712735767456,2.719343810726157,High,-0.5086642653379594,78.425,78.425,78.43526025241728,78.55192581296758,78.02709291343942,validation
2025-12-30,5.539467017695611,76.241,0.0,0.013082029081687199,-0.03502319920725305,3.459208195652451,High,0.9184111408478055,72.1325,72.1325,72.1419370118902,72.10724131428992,72.79802436316145,validation
2025-12-31,-6.242029729448396,71.6275,0.0,0.013082029081687199,-0.0496932676012092,0.487033205914592,Low,0.1691039942060816,76.241,76.241,76.2509745222129,76.20312276784479,76.37003564769039,validation
2026-01-02,1.29347273671469,72.56,0.0,0.03425048708855075,0.24146383312167832,8.779877358304537,High,0.9677380288837432,71.6275,71.6275,71.65203696941525,71.8006634865298,72.32403142042111,test
2026-01-05,5.429423084082814,76.6085,0.0,0.03425048708855075,-0.20983160474052964,-8.363804851947968,Low,0.16283006701989763,72.56,72.56,72.58485640990921,72.40790581424062,72.6782457403127,test
2026-01-06,5.894585391187131,81.26,0.0,0.03425048708855075,0.20291065797341784,5.539467017695611,High,-0.3513408795557743,76.6085,76.6085,76.63474327837002,76.76410462721113,76.33981529827054,test
2026-01-07,-3.8512128423158174,78.19,0.0,0.03425048708855075,0.23118326286550173,-6.242029729448396,Low,0.50477834774097,81.26,81.26,81.28783671264087,81.44807683672262,81.67121988668855,test
2026-01-08,-1.5583123978083482,76.981,0.0,0.03425048708855075,0.09694876273522274,1.29347273671469,High,0.8506412421390388,78.19,78.19,78.21678504259647,78.26584099509557,78.85795330266305,test
2026-01-09,3.634073549936834,79.83,0.0,0.03425048708855075,-0.17207907102360318,5.429423084082814,High,-0.15049624096468875,76.981,76.981,77.00737088328583,76.8486457200028,76.86523362261615,test
2026-01-12,6.4667693553568455,85.163,0.0,0.03425048708855075,0.07117688913045495,5.894585391187131,High,-0.41628847282482095,79.83,79.83,79.85734684678957,79.8868407369273,79.49836766465747,test
2026-01-13,2.0720169080566024,86.946,0.0,0.03425048708855075,0.22099994040781348,-3.8512128423158174,Low,0.4824000758646514,85.163,85.163,85.19217373810773,85.35141830473232,85.57481888529728,test
2026-01-14,7.025416177157862,93.274,0.0,0.03425048708855075,0.19427969531309552,-1.5583123978083482,Low,0.1670183259721997,86.946,86.946,86.97578452888595,87.11508261730081,87.09133708970194,test
2026-01-15,-0.9587594582895976,92.384,0.0,0.03425048708855075,0.07708622673839773,3.634073549936834,High,-0.45902767075489614,93.274,93.274,93.30595227091884,93.34592912729119,92.84682769997544,test
2026-01-16,-3.357164897905606,89.334,0.0,0.03425048708855075,0.2014248085345608,6.4667693553568455,High,0.5963525000805959,92.384,92.384,92.41564738937502,92.57027183097759,92.93658031930313,test
2026-01-19,5.753955725614427,94.625,0.0,0.03425048708855075,-0.11945489878585548,2.0720169080566024,High,0.2796302575815916,89.334,89.334,89.36460257060128,89.2273498728014,89.58415448512059,test
2026-01-20,-0.0523254443084438,94.5755,0.0,0.03425048708855075,0.001728748278395545,7.025416177157862,High,-0.7727689589764895,94.625,94.625,94.65741507425108,94.62663584219818,93.89658547812921,test
2026-01-21,-1.5751126238452935,93.0975,0.0,0.03425048708855075,0.24309010011188797,-0.9587594582895976,Low,0.1322491393945402,94.5755,94.5755,94.60789811735623,94.80568334073658,94.70065802679314,test
2026-01-22,3.268326912047369,96.1905,0.0,0.03425048708855075,-0.05923891987414138,-3.357164897905606,Low,-0.05497625259822403,93.0975,93.0975,93.12939180845537,93.04236637846343,93.04633254949951,test
2026-01-23,6.355658832837885,102.5025,0.0,0.03425048708855075,0.018094478932794443,5.753955725614427,High,-0.3983633032500451,96.1905,96.1905,96.223451357461,96.20790674454021,95.80807457380361,test
2026-01-26,1.171135407671472,103.71,0.0,0.03425048708855075,0.2094351972346427,-0.0523254443084438,Low,0.36474746425346044,102.5025,102.5025,102.53761361847737,102.71740127394693,102.87705794959601,test
2026-01-27,7.736450666047437,112.052,0.0,0.03425048708855075,0.18701880834012363,-1.5751126238452935,Low,0.12775765302313322,103.71,103.71,103.7455272639427,103.90413868747443,103.84258213582942,test
2026-01-28,4.191945370581342,116.849,0.0,0.03425048708855075,0.059044358239766254,3.268326912047369,High,-0.5827920632562267,112.052,112.052,112.0903849289298,112.11817992012674,111.40086904998154,test
2026-01-29,-1.1456140992677135,115.518,0.0,0.03425048708855075,0.28378460296579927,6.355658832837885,High,0.18969554209878267,116.849,116.849,116.8890282061946,117.18107043023838,117.07086771403698,test
2026-01-30,-32.89485409271191,83.136,0.0,0.03425048708855075,0.043551293950732026,1.171135407671472,High,0.4729665212833638,115.518,115.518,115.557572254133,115.56832054057391,116.06565555887015,test
2026-02-02,-4.760545916573436,79.271,0.0,0.03425048708855075,-0.37460609428400493,7.736450666047437,High,2.844731883263348,83.136,83.136,83.1644793618276,82.82515007235486,85.53495646068708,test
2026-02-03,7.354825223340518,85.321,0.0,0.03425048708855075,-0.9622808796890058,4.191945370581342,High,-1.9530929883542965,79.271,79.271,79.29815535377497,78.51184876546056,77.73778495268068,test
2026-02-04,3.323169934251633,88.204,0.0,0.03425048708855075,0.38848424129307735,-1.1456140992677135,Low,0.7716089787203738,85.321,85.321,85.35022786314585,85.65310330634348,85.98189096473618,test
2026-02-05,-21.75641607470964,70.958,0.0,0.03425048708855075,0.34077710831534896,-32.89485409271191,Low,1.2434865074233459,88.204,88.204,88.23421547380968,88.50509177516176,89.30765250292336,test
2026-02-06,8.790587238134433,77.478,0.0,0.03425048708855075,-0.17669869657352447,-4.760545916573436,Low,-0.9716157650564498,70.958,70.958,70.98230762313032,70.83272884772589,70.27189941369039,test
2026-02-09,7.265858489105699,83.317,0.0,0.03425048708855075,-0.5626408395426579,7.354825223340518,High,-2.4291467297797555,77.478,77.478,77.50454113736141,77.04330117365413,75.61862065326486,test
2026-02-10,-3.071277385873577,80.797,0.0,0.03425048708855075,0.6404376348117784,3.323169934251633,High,0.14194094648713537,83.317,83.317,83.34554136582696,83.85230574424443,83.43534490845693,test
2026-02-11,4.252506220898525,84.307,0.0,0.03425048708855075,0.10124768810783319,-21.75641607470964,Low,0.43728625693987444,80.797,80.797,80.82467810572538,80.87884652142404,81.1510878014297,test
2026-02-12,-11.26926415251806,75.322,0.0,0.03425048708855075,-0.11064013885458929,8.790587238134433,High,-0.6825532478234165,84.307,84.307,84.33588050372403,84.21377420022301,83.73351921565387,test
2026-02-13,2.218899705839368,77.012,0.0,0.03425048708855075,0.08674525266756546,7.265858489105699,High,1.3304753989715141,75.322,75.322,75.34780257038562,75.3873666063293,76.33083696212508,test
2026-02-16,-0.5037859610713634,76.625,0.0,0.03425048708855075,-0.33138645517602144,-3.071277385873577,Low,0.019232335662583394,77.012,77.012,77.03838150275534,76.75721505769839,77.02681263070224,test
2026-02-17,-4.120270863575021,73.532,0.0,0.03425048708855075,0.23739960611001976,4.252506220898525,High,0.29683407607184253,76.625,76.625,76.6512489306683,76.8071235429334,76.85278701828213,test
2026-02-18,4.8562184303211895,77.191,0.0,0.03425048708855075,-0.05147898514957639,-11.26926415251806,Low,0.09050335180367192,73.532,73.532,73.55718938166267,73.49415621427397,73.5985790482389,test
2026-02-19,1.7236048694303872,78.533,0.0,0.03425048708855075,-0.035180550994434956,2.218899705839368,High,-0.6653889441063296,77.191,77.191,77.21744282162763,77.16384855717551,76.67908462303646,test
2026-02-20,7.37295336809351,84.542,0.0,0.03425048708855075,0.243878361261039,-0.5037859610713634,Low,0.20521694275175212,78.533,78.533,78.55990254188808,78.72475872742709,78.69432850174255,test
2026-02-23,4.24151984492932,88.205,0.0,0.03425048708855075,0.09105015910724062,-4.120270863575021,Low,0.4285824022728843,84.542,84.542,84.57096100615412,84.61901067936526,84.90510969083905,test
2026-02-24,-1.1860776553190513,87.165,0.0,0.03425048708855075,0.26649333556345295,4.8562184303211895,High,0.1824139581033539,88.205,88.205,88.23521581637321,88.44037393525973,88.36604507143338,test
2026-02-25,2.330235550494008,89.22,0.0,0.03425048708855075,0.049303089859935215,1.7236048694303872,High,0.47211434275835107,87.165,87.165,87.19485955029955,87.20798563402856,87.57749141625987,test
2026-02-26,-1.0229230984068138,88.312,0.0,0.03425048708855075,-0.03504688013898052,7.37295336809351,High,-0.33192227897036836,89.22,89.22,89.25056351835858,89.188736652274,88.92434987845057,test
2026-02-27,6.05020541842614,93.82,0.0,0.03425048708855075,0.10544663206116785,4.24151984492932,High,0.3087718942975404,88.312,88.312,88.34225247067118,88.40517114398946,88.58510405258902,test
2026-03-02,-4.882800329930695,89.349,0.0,0.03425048708855075,0.030456340391870056,-1.1860776553190513,Low,0.2849359039012551,93.82,93.82,93.8521393106075,93.84857849031587,94.08770808213859,test
2026-03-03,-8.52212320649051,82.05,0.0,0.03425048708855075,0.17480980782520403,2.330235550494008,High,0.9647309797634923,89.349,89.349,89.37960770905426,89.50532741320967,90.21514876811995,test
2026-03-04,1.80446216411476,83.544,0.0,0.03425048708855075,-0.2717708323603568,-1.0229230984068138,Low,-0.5118695413681144,82.05,82.05,82.07810733783144,81.8273147658671,81.63108410740556,test
2026-03-05,-1.5841079256591704,82.231,0.0,0.03425048708855075,-0.13705590690144756,6.05020541842614,High,-0.7634307230834274,83.544,83.544,83.57261912774881,83.42957644317141,82.90862783578889,test
2026-03-06,2.006941536611278,83.898,0.0,0.03425048708855075,0.17933240883584298,-4.882800329930695,Low,0.19656453321297446,82.231,82.231,82.2591693418308,82.37859914009977,82.39279594593422,test
2026-03-09,3.453465992060254,86.846,0.0,0.03425048708855075,-0.018365816321624286,-8.52212320649051,Low,0.3009058900422201,83.898,83.898,83.92674039523928,83.88259286228909,84.1508342293992,test
2026-03-10,1.723767296720883,88.356,0.0,0.03425048708855075,0.14450603317075816,1.80446216411476,High,-0.07456941814070285,86.846,86.846,86.87575027253273,86.97158842914153,86.78126358290609,test
2026-03-11,-2.8760872675289657,85.851,0.0,0.03425048708855075,0.12371738813335331,-1.5841079256591704,Low,0.1401962484507959,88.356,88.356,88.3862675434666,88.46537938216515,88.47995866968006,test
2026-03-12,-2.859329256101144,83.431,0.0,0.03425048708855075,0.009836883113288966,2.006941536611278,High,0.4506975714969609,85.851,85.851,85.880409421818,85.85944547790068,86.23880162190645,test
2026-03-13,-3.4521293425696404,80.6,0.0,0.03425048708855075,-0.10229956870592422,3.453465992060254,High,0.09163685289698988,83.431,83.431,83.45958041806965,83.34569408806249,83.50748858325325,test
2026-03-16,0.3158777517324603,80.855,0.0,0.03425048708855075,-0.04816714053499428,1.723767296720883,High,0.19660884726270889,80.6,80.6,80.62761062070949,80.56118663312368,80.75862261284269,test
2026-03-17,-2.0024777997894745,79.252,0.0,0.03425048708855075,-0.029216208615212402,-2.8760872675289657,Low,0.0996264798618421,80.855,80.855,80.88269797441026,80.83138068502635,80.93559312967533,test
2026-03-18,-4.580164982608088,75.704,0.0,0.03425048708855075,0.06625243744476278,-2.859329256101144,Low,0.03569365728034366,79.252,79.252,79.27914884506785,79.30452377894439,79.28029298636821,test
2026-03-19,-3.5002632450198723,73.1,0.0,0.03425048708855075,-0.07523112411644425,-3.4521293425696404,Low,-0.14605429558511412,75.704,75.704,75.72993342965498,75.64706844760744,75.59351176212,test
2026-03-20,-7.3571443481278544,67.915,0.0,0.03425048708855075,-0.1102785928232593,0.3158777517324603,Low,-0.1987784532072239,73.1,73.1,73.12504139421668,73.01943078211133,72.9548372746139,test
2026-03-23,2.3041051903809886,69.498,0.0,0.03425048708855075,-0.08277092788196888,-2.0024777997894745,Low,-0.2726205654341547,67.915,67.915,67.93826520230132,67.85880938228483,67.73010189263488,test
2026-03-24,2.496701694691128,71.255,0.0,0.03425048708855075,-0.11596599402468721,-4.580164982608088,Low,0.21072228370649207,69.498,69.498,69.52180748037307,69.41745266625759,69.64460218021385,test
2026-03-25,0.0477045693186598,71.289,0.0,0.03425048708855075,0.21846465835724077,-3.5002632450198723,Low,0.3435106177123961,71.255,71.255,71.27940936449944,71.41083715488638,71.50018937531792,test
2026-03-26,-4.23199574015983,68.335,0.0,0.03425048708855075,0.07563431346959029,-7.3571443481278544,Low,0.2103664742379853,71.289,71.289,71.31342101165956,71.34293934148329,71.4391260078503,test
2026-03-27,2.0846533089585173,69.7745,0.0,0.03425048708855075,-0.04000712201585917,2.3041051903809886,High,0.44826883315133614,68.335,68.335,68.3584090789849,68.30766660118815,68.64201211283762,test
2026-03-30,0.5210373904162265,70.139,0.0,0.03425048708855075,-0.07243124644324943,2.496701694691128,High,-0.43070052391699315,69.7745,69.7745,69.79840219918977,69.72397975837951,69.47462710356828,test
2026-03-31,6.871433809180121,75.128,0.0,0.03425048708855075,0.1525468584560297,0.0477045693186598,Low,0.10333600014442425,70.139,70.139,70.16302706359731,70.2460764911998,70.21151629840946,test
2026-04-01,-0.0186365996732153,75.114,0.0,0.03425048708855075,0.08677514111052276,-4.23199574015983,Low,0.43133791844706004,75.128,75.128,75.15373611306033,75.19322072160756,75.45275544454559,test
2026-04-02,-2.847902755205305,73.005,0.0,0.03425048708855075,0.2260533183525143,2.0846533089585173,High,0.5839337809161004,75.114,75.114,75.13973131717088,75.28398975089625,75.55389913004069,test
2026-04-03,0.0,73.005,0.0,0.03425048708855075,-0.08501548893118754,0.5210373904162265,Low,-0.24153080007936614,73.005,73.005,73.0300088506811,72.94296081749958,72.8288832131621,test
2026-04-06,-0.2427435311808819,72.828,0.0,0.03425048708855075,-0.051267947885526854,6.871433809180121,High,-0.2170865036061604,73.005,73.005,73.0300088506811,72.96758142733293,72.84668789731909,test
2026-04-07,0.1824555170779964,72.961,0.0,0.03425048708855075,0.06626069453412546,-0.0186365996732153,Low,0.027855981347451632,72.828,72.828,72.85294821693587,72.87627232963959,72.84828977992318,test
2026-04-08,1.5463489571984743,74.098,0.0,0.03425048708855075,0.026508546438217095,-2.847902755205305,Low,0.08901926560034011,72.961,72.961,72.98599377788568,72.98034346428912,73.02597826367027,test
2026-04-09,1.5985346077448217,75.292,0.0,0.03425048708855075,0.05530557371519142,0.0,Low,0.08103316982180847,74.098,74.098,74.123383272622,74.13899165830253,74.15806829250837,test
2026-04-10,1.39148506998855,76.347,0.0,0.03425048708855075,0.09024071595348,-0.2427435311808819,Low,0.09947940739172288,75.292,75.292,75.31779229347966,75.35997470567337,75.36693730282583,test
2026-04-13,-1.017642947268961,75.574,0.0,0.03425048708855075,0.07215275183829759,0.1824555170779964,Low,0.059906287105010086,76.347,76.347,76.3731536980063,76.40210633942544,76.39275035531743,test
2026-04-14,5.149969328325536,79.568,0.0,0.03425048708855075,0.042070956487974806,1.5463489571984743,High,0.2744867417355717,75.574,75.574,75.59988889639578,75.60580139376243,75.7817255693506,test
2026-04-15,-0.7556631579666242,78.969,0.0,0.03425048708855075,0.034006123015356535,1.5985346077448217,High,-0.46012537904035267,79.568,79.568,79.59525709514409,79.59506259316943,79.20272843643481,test
2026-04-16,-0.6695872194310466,78.442,0.0,0.03425048708855075,0.1883912717568388,1.39148506998855,High,0.5422219700135863,78.969,78.969,78.9960518995882,79.1179109269462,79.39835023121675,test
2026-04-17,3.633987076272759,81.345,0.0,0.03425048708855075,-0.0632507488810147,-1.017642947268961,Low,-0.07781691701295496,78.442,78.442,78.46887136860663,78.3924005352328,78.38098259796632,test
2026-04-20,-2.0028358100614474,79.732,0.0,0.03425048708855075,0.057222088496778706,5.149969328325536,High,-0.35087920241252174,81.345,81.345,81.37286583054112,81.39156062809913,81.06007747206576,test
2026-04-21,-3.870411556378248,76.705,0.0,0.03425048708855075,0.1274403170403788,-0.7556631579666242,Low,-0.02566439942078963,79.732,79.732,79.7593132755634,79.83367548760354,79.71153988664872,test
2026-04-22,1.3287252908308331,77.731,0.0,0.03425048708855075,-0.1112019480312065,-0.6695872194310466,Low,-0.2352378354274138,76.705,76.705,76.73127633575089,76.61974995440329,76.52477288263026,test
2026-04-23,-2.990325440035908,75.441,0.0,0.03425048708855075,-0.04270053684142891,3.633987076272759,High,-0.346981469399212,77.731,77.731,77.75762780593512,77.69781553118517,77.4617552189037,test
2026-04-24,0.750086052305719,76.009,0.0,0.03425048708855075,0.09172343979934912,-2.0028358100614474,Low,-0.019990505778164653,75.441,75.441,75.46684333544597,75.51022882489517,75.42592046982328,test
2026-04-27,-0.659989987913803,75.509,0.0,0.03425048708855075,-0.06556228481097692,-3.870411556378248,Low,0.09861705197802217,76.009,76.009,76.03503791153236,75.95918309527295,76.08399480779435,test
2026-04-28,-3.2204633394247693,73.116,0.0,0.03425048708855075,0.08600954089238481,1.3287252908308331,High,0.21841281897427894,75.509,75.509,75.53486662976617,75.57397288166565,75.67410157134377,test
2026-04-29,-2.4898471077409385,71.318,0.0,0.03425048708855075,-0.02836702917271186,-2.990325440035908,Low,-0.08513871482808208,73.116,73.116,73.1410468752332,73.09526210445158,73.05377646918214,test
2026-04-30,3.3464446334517497,73.745,0.0,0.03425048708855075,-0.07802224230161028,0.750086052305719,Low,-0.1656995231865885,71.318,71.318,71.34243094600198,71.26237779890124,71.19992426653351,test
2026-05-01,2.291000273901583,75.454,0.0,0.03425048708855075,0.03298142799946907,-0.659989987913803,Low,0.19727245394237686,73.745,73.745,73.77026234769507,73.76932616541606,73.89062216013842,test
2026-05-04,-3.681049418795608,72.727,0.0,0.03425048708855075,0.18413879266329614,-3.2204633394247693,Low,0.2725119489601593,75.454,75.454,75.47984778877189,75.59306808446705,75.65990159176523,test
2026-05-05,0.1250472525444511,72.818,0.0,0.03425048708855075,0.02001931674171173,-2.4898471077409385,Low,-0.1242977758486948,72.727,72.727,72.7519136180191,72.74156090593506,72.63665811466706,test
2026-05-06,6.046789327398847,77.357,0.0,0.03425048708855075,-0.10425981137587144,3.3464446334517497,High,-0.23773818444681732,72.818,72.818,72.84294479130055,72.7421196537788,72.64508942751746,test
2026-05-07,1.5138780661356857,78.537,0.0,0.03425048708855075,0.1416320196793856,2.291000273901583,High,-0.4471308379291866,77.357,77.357,77.38349968717401,77.46663990574201,77.01188513018612,test
2026-05-08,2.6896072164409888,80.678,0.0,0.03425048708855075,0.22188212908462188,-3.681049418795608,Low,0.24265791959560434,78.537,78.537,78.56390391214221,78.71145303620288,78.72780766163638,test
2026-05-11,6.50667164798922,86.102,0.0,0.03425048708855075,0.024152163936770728,0.1250472525444511,Low,0.06373412328788561,80.678,80.678,80.70563734066502,80.69748783609323,80.72943580532485,test
2026-05-12,0.5154979008797698,86.547,0.0,0.03425048708855075,0.1540796926259925,6.046789327398847,High,-0.38780388707619157,86.102,86.102,86.13149540526463,86.23476795490672,85.76873971298672,test
2026-05-13,1.0836882141758055,87.49,0.0,0.03425048708855075,0.19255624946900002,1.5138780661356857,High,0.5095212084931418,86.547,86.547,86.57664784603654,86.71381220935287,86.98910066217852,test
2026-05-14,-4.631865235035821,83.53,0.0,0.03425048708855075,-0.026569945452681445,2.6896072164409888,High,-0.021084405446765774,87.49,87.49,87.51997088344757,87.46675704268073,87.47155519823134,test
2026-05-15,-9.059844342411594,76.295,0.0,0.03425048708855075,0.012017737460575453,6.50667164798922,High,0.49536035513399496,83.53,83.53,83.55861433185936,83.54003901932023,83.94480103638173,test
2026-05-18,1.8041910619505888,77.684,0.0,0.03425048708855075,-0.20551676978636668,0.5154979008797698,Low,-0.5134893262906942,76.295,76.295,76.32113588470263,76.13836199430911,75.90423743913396,test
2026-05-19,-5.264651676791397,73.7,0.0,0.03425048708855075,-0.15603650345632628,1.0836882141758055,High,-0.7167376816665939,77.684,77.684,77.7106117054491,77.56287912362002,77.12920010439247,test
2026-05-20,2.87944575639694,75.853,0.0,0.03425048708855075,0.15059684984263438,-4.631865235035821,Low,0.01925970053221645,73.7,73.7,73.7252469323361,73.81107349393312,73.7141957662794,test
2026-05-21,1.080453702216147,76.677,0.0,0.03425048708855075,-0.11763007389374971,-9.059844342411594,Low,0.31887786555031294,75.853,75.853,75.87898447162131,75.76382651774823,76.09526448598183,test
2026-05-22,-1.4383634183200922,75.582,0.0,0.03425048708855075,0.1945629859793172,1.8041910619505888,High,0.21987135088653254,76.677,76.677,76.703266743972,76.82633028438232,76.84577623301755,test
2026-05-25,3.202898371143798,78.042,0.0,0.03425048708855075,0.012352776836807723,-5.264651676791397,Low,0.056222859848167744,75.582,75.582,75.60789163690403,75.59133705246954,75.62450630994228,test
2026-05-26,-1.3909363250888842,76.964,0.0,0.03425048708855075,0.0068379062432202195,2.87944575639694,High,-0.3366258576979134,78.042,78.042,78.06873434319368,78.04733662124482,77.77973212653627,test
2026-05-27,-3.0554048127049023,74.648,0.0,0.03425048708855075,0.13067865003062287,1.080453702216147,High,0.46314007298870474,76.964,76.964,76.99036505970578,77.06464126020765,77.3212778355591,test
2026-05-28,1.3373363828316407,75.653,0.0,0.03425048708855075,-0.07982837047722227,-1.4383634183200922,Low,-0.16177016206537936,74.648,74.648,74.6735716825648,74.5884334966539,74.52733943213318,test
2026-05-29,-0.0833096455951854,75.59,0.0,0.03425048708855075,-0.02666315368672794,3.202898371143798,High,-0.28264360045505493,75.653,75.653,75.67891595891484,75.63283121327818,75.43947353853765,test
2026-06-01,-0.979780908131559,74.853,0.0,0.03425048708855075,0.1096265250667385,-1.3909363250888842,Low,0.09182801337196267,75.59,75.59,75.6158943774123,75.67291212883717,75.65944467526084,test
2026-06-02,0.3707066331930937,75.131,0.0,0.03425048708855075,0.002645252167937911,-3.0554048127049023,Low,0.023039267804279853,74.853,74.853,74.87864190808894,74.85498007679415,74.87024756991016,test
2026-06-03,-3.2451803797552325,72.732,0.0,0.03425048708855075,0.007836656880343223,1.3373363828316407,High,-0.014958156344536684,75.131,75.131,75.15673714075093,75.13688798938853,75.11976262802958,test
2026-06-04,1.582311493924266,73.892,0.0,0.03425048708855075,0.023893954122893933,-0.0833096455951854,Low,-0.13556206409481078,72.732,72.732,72.75691533083676,72.74938062708951,72.63346979941853,test
2026-06-05,-8.331747508874155,67.985,0.0,0.03425048708855075,-0.052587344051158516,-0.979780908131559,Low,0.06596811590999732,73.892,73.892,73.91731270453433,73.85315237509604,73.94076124187616,test
2026-06-08,0.2864174102107759,68.18,0.0,0.03425048708855075,0.03930703644777946,0.3707066331930937,Low,-0.35058860278443,67.985,67.985,68.00828918174858,68.01172814140502,67.74706966042835,test
2026-06-09,-4.256216521470812,65.339,0.0,0.03425048708855075,-0.2296647555979839,-3.2451803797552325,Low,-0.0021377175003240677,68.18,68.18,68.2033559816374,68.0235942428313,68.17854251978675,test
2026-06-10,-2.9920213752585,63.413,0.0,0.03425048708855075,0.10654708749602002,1.582311493924266,High,0.5273221968403988,65.339,65.339,65.36138275864191,65.40865390201157,65.6844570856338,test
2026-06-11,6.0055825519709645,67.338,0.0,0.03425048708855075,-0.12542262031068868,-8.331747508874155,Low,0.04617481614495706,63.413,63.413,63.434722981278554,63.33351560990441,63.44228759738875,test
2026-06-12,0.6675226633631867,67.789,0.0,0.03425048708855075,0.05742683194484015,0.2864174102107759,Low,0.306554934414296,67.338,67.338,67.36106754314312,67.37668118572174,67.54474469285617,test
2026-06-15,3.1795257144551536,69.979,0.0,0.03425048708855075,0.25271697784306435,-4.256216521470812,Low,0.2590574186553575,67.789,67.789,67.81222203929623,67.96053096475369,67.96484009860282,test
2026-06-16,0.0785641373715204,70.034,0.0,0.03425048708855075,0.004660741830362754,-2.9920213752585,Low,0.16791906297185746,69.979,69.979,70.00297225343213,69.98226161653264,70.09660679555715,test
2026-06-17,-3.0282284041611445,67.945,0.0,0.03425048708855075,0.11704788112095046,6.0055825519709645,High,0.23300089036448637,70.034,70.034,70.05799109442643,70.11602130580026,70.19737009653709,test
2026-06-18,-3.329526120339335,65.72,0.0,0.03425048708855075,-0.036253309073042445,0.6675226633631867,Low,-0.20462056799600556,67.945,67.945,67.96827547920728,67.92037215362468,67.80611269952625,test
2026-06-19,-1.2170535620255178,64.925,0.0,0.03425048708855075,-0.0900687790989795,3.1795257144551536,High,0.13474687469173566,65.72,65.72,65.74251327534775,65.66083344767166,65.80861533583715,test
2026-06-22,0.2538170035483827,65.09,0.0,0.03425048708855075,-0.03830359902314639,0.0785641373715204,Low,-0.05511601889825875,64.925,64.925,64.9472409373395,64.90013615051282,64.88922578429766,test
2026-06-23,-5.5807352744575685,61.557,0.0,0.03425048708855075,0.041669961832516395,-3.0282284041611445,Low,0.13113232618144835,65.09,65.09,65.11229746032235,65.11712863000912,65.17541001894479,test
2026-06-24,-6.908338403170379,57.448,0.0,0.03425048708855075,0.000901119775331985,-3.329526120339335,Low,-0.1533372369855101,61.557,61.557,61.57808718336247,61.55755470479939,61.46268252741224,test
2026-06-25,0.721523873896319,57.864,0.0,0.03425048708855075,-0.2017232132825042,-1.2170535620255178,Low,-0.35956329646003443,57.448,57.448,57.467679589807936,57.33223085431136,57.241808993186496,test
2026-06-26,1.8458479999894333,58.942,0.0,0.03425048708855075,-0.09130750743447313,0.2538170035483827,Low,0.028590446017322812,57.864,57.864,57.883822096237395,57.81118993734306,57.8805459408499,test
2026-06-29,-1.0934663678870284,58.301,0.0,0.03425048708855075,0.1600429243406793,-5.5807352744575685,Low,0.34877532672848405,58.942,58.942,58.962191379725304,59.0364080269973,59.147934067933726,test
2026-06-30,0.4927719784034527,58.589,0.0,0.03425048708855075,0.06595735939993574,-6.908338403170379,Low,0.1565080160310345,58.301,58.301,58.32097179650105,58.339466484447925,58.392317179139,test
2026-07-01,0.8870066652371978,59.111,0.0,0.03425048708855075,-0.019214398188174102,0.721523873896319,Low,-0.03156503950469344,58.589,58.589,58.60907045479837,58.577743557708985,58.57050927746006,test
2026-07-02,3.103051149908796,60.974,0.0,0.03425048708855075,0.06898140706600125,1.8458479999894333,High,0.042512671696048755,59.111,59.111,59.13124927296227,59.15178966655628,59.136135007769354,test
2026-07-03,2.3518292362338773,62.425,0.0,0.03425048708855075,0.08151744383936556,-1.0934663678870284,Low,0.18508872804216486,60.974,60.974,60.99488746882309,61.023724710609585,61.08696050737139,test
2026-07-06,-0.6138143127187848,62.043,0.0,0.03425048708855075,0.13400723713687468,0.4927719784034527,Low,0.12209501335476597,62.425,62.425,62.44638452850857,62.508710094047636,62.50126436010298,test
2026-07-07,-3.3816519717785973,59.98,0.0,0.03425048708855075,0.05466812271462668,0.8870066652371978,Low,-0.06927997909701118,62.043,62.043,62.0642536692392,62.076927016162294,62.00003150856842,test
2026-07-08,-2.8649246023244808,58.286,0.0,0.03425048708855075,-0.04925722746012047,3.103051149908796,High,0.3092365447754742,59.98,59.98,60.000546960671905,59.95046279017194,60.16576716149544,test
2026-07-09,2.8465834739601994,59.969,0.0,0.03425048708855075,-0.08697119224270702,2.3518292362338773,High,0.0842674797167387,58.286,58.286,58.305966658048064,58.23533000823129,58.33513684350984,test
2026-07-10,-0.4562745558418284,59.696,0.0,0.03425048708855075,0.019240159851921804,-0.6138143127187848,Low,0.1699938445880766,59.969,59.969,59.98954319247306,59.98053924151026,60.071030306711016,test
2026-07-13,-3.4857423860402186,57.651,0.0,0.03425048708855075,0.1477259643698005,-3.3816519717785973,Low,0.1444307977708247,59.696,59.696,59.71644967262871,59.78425166094953,59.782281702714236,test
2026-07-14,1.7981025584243735,58.697,0.0,0.03425048708855075,-0.05204267561796117,-2.8649246023244808,Low,-0.1269936582601777,57.651,57.651,57.67074913020501,57.62100468293927,57.577833354409584,test
2026-07-15,-1.583246204219931,57.775,0.0,0.03425048708855075,-0.0468600162702537,2.8465834739601994,High,-0.35374549451464105,58.697,58.697,58.71710745165987,58.66950101976636,58.489728829440494,test
2026-07-16,-3.9758806839578207,55.523,0.0,0.03425048708855075,0.11413172835892081,-0.4562745558418284,Low,0.003497288505791278,57.775,57.775,57.79479160808302,57.84097724938503,57.777020593767006,test
2026-07-17,1.121152226599346,56.149,0.0,0.03425048708855075,-0.07624094207090414,-3.4857423860402186,Low,-0.1310739413691538,55.523,55.523,55.54202015500811,55.48068487450884,55.450271490008404,test
2026-07-20,0.4938895769917679,56.427,0.0,0.03425048708855075,-0.0532163113961506,1.7981025584243735,High,-0.3055103703866635,56.149,56.149,56.168234599779375,56.11912752253448,55.977720753283926,test
2026-07-21,4.102400505738635,58.79,0.0,0.03425048708855075,0.1207770126632676,-1.583246204219931,Low,0.13495625601131353,56.427,56.427,56.44632983244138,56.49519201678652,56.50320317548994,test
2026-07-22,1.5611472706226712,59.715,0.0,0.03425048708855075,0.07158392828157212,-3.9758806839578207,Low,0.3031096331043089,58.79,58.79,58.81013931006838,58.83209925779026,58.96846849426051,test
2026-07-23,-3.505423960258805,57.658,0.0,0.03425048708855075,0.16066910031412332,1.121152226599346,High,0.2540194768517473,59.715,59.715,59.735456181335834,59.81102067037009,59.86688055202531,test
2026-07-24,0.9407894282872896,58.203,0.0,0.03425048708855075,-0.009400113533149138,0.4938895769917679,Low,-0.21894022462791338,57.658,57.658,57.677751528149734,57.65258033727027,57.53190153578533,test
2026-07-27,0.3430358577133555,58.403,0.0,0.03425048708855075,-0.08179091049118857,4.102400505738635,High,-0.3085861150804561,58.203,58.203,58.22293822527488,58.15541469924497,58.02367045877798,test
2026-07-28,-2.231798788058563,57.114,0.0,0.03425048708855075,0.10796218815779304,1.5611472706226712,High,0.14006513567630705,58.403,58.403,58.42300673798135,58.46608720578591,58.484859556155385,test
2026-07-29,0.8976642727230071,57.629,0.0,0.03425048708855075,0.008109460059502374,-3.505423960258805,Low,-0.014581421082423772,57.114,57.114,57.13356517358812,57.11863182482384,57.10567257430624,test
2026-07-30,2.3358976672613903,58.991,0.0,0.03425048708855075,-0.029205290821416582,0.9407894282872896,Low,-0.010688427063704247,57.629,57.629,57.648741593807294,57.61217174044321,57.6228406955397,test
2026-07-31,-1.818402981054747,57.928,0.0,0.03425048708855075,0.10957046621966811,0.3430358577133555,Low,0.14316372313688755,58.991,58.991,59.01120816533839,59.05567213803895,59.075514194314344,test
2026-08-03,0.4529843517744764,58.191,0.0,0.03425048708855075,0.07100052839812968,-2.231798788058563,Low,-0.009174942568612529,57.928,57.928,57.94784402030347,57.96914379051639,57.922685383079106,test
2026-08-04,2.273288516696056,59.529,0.0,0.03425048708855075,-0.04714458795041452,0.8976642727230071,Low,-0.05275010833999504,58.191,58.191,58.21093411451249,58.1635725586109,58.16031227907048,test
2026-08-05,4.1541384943489055,62.054,0.0,0.03425048708855075,0.09061141690303397,2.3358976672613903,High,-0.09107872695809704,59.529,59.529,59.54939246451881,59.58296451568209,59.474806427783236,test
2026-08-06,-0.8415106136575309,61.534,0.0,0.03425048708855075,0.13279197869812692,-1.818402981054747,Low,0.2717984291241066,62.054,62.054,62.07525743743806,62.136457470797936,62.22289121507064,test
2026-08-07,3.344804098318051,63.627,0.0,0.03425048708855075,0.11592487887257778,0.4529843517744764,Low,-0.037578991683674304,61.534,61.534,61.55507930440122,61.60537457741855,61.51088048756927,test
2026-08-10,3.274571397756316,65.745,0.0,0.03425048708855075,-0.014001125892553666,2.273288516696056,High,-0.3079213156746541,63.627,63.627,63.64879628987449,63.61809212724414,63.431380236515324,test
2026-08-11,-1.6316127219745613,64.681,0.0,0.03425048708855075,0.1723419672009282,4.1541384943489055,High,-0.004230458992417481,65.745,65.745,65.76752183943606,65.85840391954004,65.74221874356581,test
2026-08-12,0.990731608753952,65.325,0.0,0.03425048708855075,0.06869014147188662,-0.8415106136575309,Low,-0.06218171039000382,64.681,64.681,64.7031573518376,64.72544473323296,64.64079274997606,test
2026-08-13,-1.3050731059079106,64.478,0.0,0.03425048708855075,-0.04858484271848838,3.344804098318051,High,-0.1688149017334851,65.325,65.325,65.34737796275246,65.29326966018616,65.21481469621637,test
2026-08-14,0.3761643457560295,64.721,0.0,0.03425048708855075,0.06925918543685726,3.274571397756316,High,0.2543114871076984,64.478,64.478,64.50008781144054,64.5226724056724,64.6421836410997,test
2026-08-17,1.6382127292749318,65.79,0.0,0.03425048708855075,-0.015497790813527895,-1.6316127219745613,Low,0.03911720920935939,64.721,64.721,64.7431710543789,64.71097045200683,64.74632200127962,test
2026-08-18,-3.806133077727543,63.333,0.0,0.03425048708855075,0.07558077167379032,0.990731608753952,Low,0.07323176619803634,65.79,65.79,65.81253725479502,65.83974338553354,65.83819682452067,test
2026-08-19,5.633087418731723,67.003,0.0,0.03425048708855075,0.038049241219979685,-1.3050731059079106,Low,-0.13197040639720492,63.333,63.333,63.354695576195965,63.3571023110243,63.24947430923572,test
2026-08-20,1.61957648137261,68.097,0.0,0.03425048708855075,-0.046111796586709955,0.3761643457560295,Low,0.19951596333189958,67.003,67.003,67.02595278435979,66.97211083525474,67.13681512779253,test
2026-08-21,1.889606964240689,69.396,0.0,0.03425048708855075,0.2615521630514772,1.6382127292749318,High,0.37110347731590226,68.097,68.097,68.1203275488642,68.2753423038806,68.35017982395176,test
2026-08-24,-0.6157601520881657,68.97,0.0,0.03425048708855075,0.02483375009829808,-3.806133077727543,Low,0.14419515014213727,69.396,69.396,69.41977253889276,69.41323576927357,69.49613784600058,test
2026-08-25,-0.4373767316531176,68.669,0.0,0.03425048708855075,0.060273365251351116,5.633087418731723,High,0.20293612033672376,68.97,68.97,68.99362660682797,69.01158307051296,69.11010715812806,test
2026-08-26,-0.7924249776027215,68.127,0.0,0.03425048708855075,-0.014812183997039933,1.61957648137261,High,0.07140950723060058,68.669,68.669,68.69252349520472,68.65882937463553,68.71805370694086,test
2026-08-27,1.666717379485867,69.272,0.0,0.03425048708855075,0.019313758316655487,1.889606964240689,High,0.12264109367780168,68.127,68.127,68.15033782577017,68.14015915485115,68.21060295319913,test
2026-08-28,-4.153080516211408,66.454,0.0,0.03425048708855075,0.03045177084170565,-0.6157601520881657,Low,0.09656206862282789,69.272,69.272,69.29573006101475,69.29309776285564,69.33892278198772,test
2026-08-31,0.1593817529567193,66.56,0.0,0.03425048708855075,0.050608324828604175,-0.4373767316531176,Low,-0.15775059068581213,66.454,66.454,66.4767647169805,66.48763976772507,66.34925106521985,test
