Model,Test,Lag,Statistic,p_value,Skewness,Kurtosis
AR,Ljung-Box residual,5.0,0.293055682799871,0.9977716532930557,,
AR,Ljung-Box squared residual,5.0,387.03616200464273,1.8449021373146464e-81,,
AR,Ljung-Box residual,10.0,1.259111333625699,0.9995103177922111,,
AR,Ljung-Box squared residual,10.0,471.73052963163775,4.8179023475533515e-95,,
AR,Ljung-Box residual,20.0,23.41872459386975,0.2687048924920816,,
AR,Ljung-Box squared residual,20.0,584.8434670824103,4.474110641403742e-111,,
AR,ARCH-LM residual,10.0,273.35940122090506,6.54888603489521e-53,,
AR,Jarque-Bera residual,,8743.765376824871,0.0,-0.7267548572911998,9.989034455752693
SETAR,Ljung-Box residual,5.0,0.11081907045687374,0.9997909612637337,,
SETAR,Ljung-Box squared residual,5.0,369.3679409688441,1.1811385904261377e-77,,
SETAR,Ljung-Box residual,10.0,1.9076136824267431,0.9970004162885611,,
SETAR,Ljung-Box squared residual,10.0,449.17658627093493,3.130762242025976e-90,,
SETAR,Ljung-Box residual,20.0,23.403405947717477,0.2694231823474027,,
SETAR,Ljung-Box squared residual,20.0,559.2102221347775,1.1024076322604424e-105,,
SETAR,ARCH-LM residual,10.0,260.2398652358071,3.804065607097592e-50,,
SETAR,Jarque-Bera residual,,8391.144119774484,0.0,-0.7385279344627292,9.835385654212098
