p,d,threshold,train_rss,train_bic,n_low,n_high
4,4,-1.4255525242182,13566.816688919302,5009.601079596327,618,3500
4,4,-1.3406669559330748,13576.750800972095,5012.615324151699,659,3459
4,4,-1.2501400666260591,13576.040581985308,5012.399900127921,700,3418
4,4,-1.1745768160848589,13570.299157003838,5010.657993951725,742,3376
4,4,-1.1095411480198105,13571.395360872724,5010.990631070719,783,3335
4,4,-1.0445509667485027,13577.619736122517,5012.878874724213,824,3294
4,4,-1.0030837799289494,13577.043925136988,5012.704231453478,865,3253
4,4,-0.9482765637054059,13573.063609939692,5011.496800648372,906,3212
4,4,-0.8935831735114799,13578.688729315501,5013.203080348596,947,3171
4,4,-0.8519639678946395,13577.96843923188,5012.984632654784,989,3129
4,4,-0.802834183706858,13579.671479435017,5013.5011075463235,1030,3088
4,4,-0.767810369188554,13587.194838111263,5015.781914722141,1071,3047
4,4,-0.7186903129049702,13586.628404871239,5015.610236849513,1112,3006
4,4,-0.6775277295375569,13588.274206177402,5016.1090360455255,1153,2965
4,4,-0.6335794586136297,13589.297471877875,5016.419130575417,1194,2924
4,4,-0.5915431537998497,13581.151833034008,5013.9499964519755,1236,2882
4,4,-0.553176221577704,13579.351499398283,5013.404073290535,1277,2841
4,4,-0.5209894393495962,13577.53791181808,5012.854057892726,1318,2800
4,4,-0.4738888720160756,13578.528946538192,5013.154622845709,1359,2759
4,4,-0.43811454557620955,13582.339071571403,5014.309968468626,1400,2718
4,4,-0.39736520928147273,13585.854998554343,5015.37581681756,1441,2677
4,4,-0.3612820513531344,13588.902501374649,5016.299439901715,1483,2635
4,4,-0.316956651490488,13588.254735702214,5016.103135408473,1524,2594
4,4,-0.2908914256540985,13591.094484774909,5016.96364804467,1565,2553
4,4,-0.26754411346353346,13592.749831243116,5017.465175105026,1606,2512
4,4,-0.233701414596678,13589.743787158419,5016.554376429598,1647,2471
4,4,-0.2046517343875782,13591.933046080156,5017.217718011835,1688,2430
4,4,-0.1830760315972174,13588.053153278732,5016.042044223953,1730,2388
4,4,-0.1341335857554715,13587.533994016194,5015.884704635902,1771,2347
4,4,-0.113608124091543,13580.267310243931,5013.681787723145,1812,2306
4,4,-0.07756986497966063,13577.906894401498,5012.96596696212,1853,2265
4,4,-0.05565594891850112,13581.399211388492,5014.025004433524,1894,2224
4,4,-0.01665666803568406,13575.619267203027,5012.272101364736,1935,2183
4,4,0.0,13575.128673557267,5012.123283023682,1988,2130
4,4,0.02870471818469279,13579.82727570076,5013.548352087035,2018,2100
4,4,0.05564740524707755,13588.737562121496,5016.249456176646,2059,2059
4,4,0.0750302366919147,13587.958004408785,5016.013208274176,2100,2018
4,4,0.10885044156011374,13586.311055799197,5015.514049723301,2141,1977
4,4,0.13531969325727522,13583.724509077105,5014.729994847236,2183,1935
4,4,0.16916185773527095,13584.332624755802,5014.914345193155,2224,1894
4,4,0.1981337092354065,13578.520113504432,5013.151944024976,2265,1853
4,4,0.2288330518012216,13573.024861764992,5011.4850446280825,2307,1811
4,4,0.2573610390367095,13568.97686252692,5010.256715107268,2347,1771
4,4,0.29076121605929833,13570.017724422192,5010.572590426311,2388,1730
4,4,0.32184646380418824,13572.673119568677,5011.378326107491,2430,1688
4,4,0.3485423304522552,13576.638614060626,5012.581296303877,2471,1647
4,4,0.37832069532557766,13575.313025356187,5012.179205554621,2512,1606
4,4,0.40765752821851386,13575.497103311798,5012.235044258338,2553,1565
4,4,0.44202304728968017,13575.908391874716,5012.359802904996,2594,1524
4,4,0.4853207585028335,13572.007373868353,5011.176331407635,2635,1483
4,4,0.525179127766271,13577.990890295392,5012.991441729612,2677,1441
4,4,0.5607768884787746,13577.501989712164,5012.84316288151,2718,1400
4,4,0.6034861015637656,13573.011030760485,5011.480848355981,2759,1359
4,4,0.6432963013565587,13576.685928111969,5012.595647346831,2800,1318
4,4,0.6811734645440063,13577.236540458995,5012.762652437753,2841,1277
4,4,0.7219738769926509,13569.45769008912,5010.402637149861,2882,1236
4,4,0.765735294650078,13565.394335089079,5009.169323181558,2924,1194
4,4,0.7942177982730753,13567.21107724352,5009.720788408689,2965,1153
4,4,0.8328082179409003,13569.000301121443,5010.263828395902,3006,1112
4,4,0.8749308573064358,13563.603102785253,5008.625529062018,3047,1071
4,4,0.9147454226011178,13564.46139892314,5008.886105226365,3088,1030
4,4,0.9710452200366771,13558.810732953969,5007.170276643104,3129,989
4,4,1.0088099298157447,13561.029055259813,5007.843956970656,3171,947
4,4,1.0502771112758038,13540.695828679842,5001.664848952595,3212,906
4,4,1.1161613665287642,13541.245469697646,5001.832002531926,3253,865
4,4,1.1627570716248312,13546.508581473696,5003.432245543994,3294,824
4,4,1.2379678650401342,13553.703531797344,5005.61885618786,3335,783
4,4,1.2921701505146381,13552.622971422436,5005.290538175036,3376,742
4,4,1.3617463485718166,13548.193575657064,5003.944434680883,3418,700
4,4,1.4208483778901748,13544.584149980517,5002.847196503648,3459,659
4,4,1.5073193415578787,13541.710182487634,5001.973322947167,3500,618
