Scale,Benchmark,Loss,Mean_loss_difference_SETAR_minus_benchmark,Paired_block_CI95_lower,Paired_block_CI95_upper,HAC_statistic,HAC_normal_two_sided_p_descriptive,Bootstrap_draws,Block_length,HAC_bandwidth,Seed
return_percent,Zero,Squared,0.0007310532414490014,-0.0003146463864327413,0.0017639279640139914,1.4822267278379344,0.13827997705950126,2000,5,5,20261010
return_percent,Zero,Absolute,0.003503853875484155,-1.0056260163442132e-05,0.007342935301261354,1.8731036498020497,0.06105407346955382,2000,5,5,20261010
return_percent,Mean,Squared,0.0006329803108824731,-0.0004992688015587792,0.0017121226196667551,1.2201877191304216,0.22239372129047408,2000,5,5,20261010
return_percent,Mean,Absolute,0.0021970680415355054,-0.0014622812874186995,0.005912170462271935,1.156416762928301,0.24751072824314513,2000,5,5,20261010
return_percent,AR,Squared,0.00041750407096623166,-0.00017338283365001567,0.001043001770290946,1.4198735339770958,0.1556445021923047,2000,5,5,20261010
return_percent,AR,Absolute,0.002231276431862273,0.0005442996408868598,0.003986222059667477,2.4358561715349953,0.014856590458599288,2000,5,5,20261010
price_VND_per_USD,Zero,Squared,49.67659611719974,-21.509095268992535,118.97809199826567,1.4842534842615434,0.1377416855676129,2000,5,5,20261010
price_VND_per_USD,Zero,Absolute,0.9209535675735346,0.004381762787204938,1.9185885985567814,1.8872935685006778,0.05912085102112385,2000,5,5,20261010
price_VND_per_USD,Mean,Squared,42.737513208730995,-34.19925597516723,115.97110161671269,1.2128041165737031,0.22520472117019252,2000,5,5,20261010
price_VND_per_USD,Mean,Absolute,0.5722630689412472,-0.38168574027175833,1.5454023693370973,1.154635380903071,0.24823977159728539,2000,5,5,20261010
price_VND_per_USD,AR,Squared,28.35554492260637,-11.884613969712428,70.62714910403625,1.4232556566496675,0.15466205658019594,2000,5,5,20261010
price_VND_per_USD,AR,Absolute,0.584914499693571,0.14276232332928912,1.043679160458657,2.4397835446234803,0.014696064598788807,2000,5,5,20261010
