Date,Standardized_Innovation
2016-01-05,1.1011761304063468
2016-01-06,0.22650971156926122
2016-01-07,-1.1980451468170334
2016-01-08,-0.0648197708390437
2016-01-11,-0.2593200076600487
2016-01-12,0.32413433921208396
2016-01-13,-1.1351052642183674
2016-01-14,1.3943065397628531
2016-01-15,-0.6806032315894496
2016-01-18,-1.6230680787783898
2016-01-19,0.8768997896918171
2016-01-20,0.12982513873210133
2016-01-21,-1.9497686421849056
2016-01-22,1.8199401336355066
2016-01-25,-2.5361685113090964
2016-01-26,-0.35838786898216346
2016-01-27,-1.1414745497507697
2016-01-28,-3.1729168779694987
2016-01-29,0.8845626563482889
2016-02-01,1.243138126269049
2016-02-02,0.8819942289640248
2016-02-03,-1.4378631399189141
2016-02-04,2.2535651455064865
2016-02-05,-1.6976857259469547
2016-02-08,-0.7194566034724915
2016-02-09,-0.7201659807076031
2016-02-10,0.7201608364445748
2016-02-11,2.573379980020391e-06
2016-02-12,1.0462382295368091
2016-02-15,2.7392349755607452
2016-02-16,0.5856471762010828
2016-02-17,0.2601339833143042
2016-02-18,-1.3015905618821075
2016-02-19,0.5534565689231614
2016-02-22,0.8131506769584445
2016-02-23,-0.7480604085382305
2016-02-24,0.4229103227396987
2016-02-25,-1.5301564704848936
2016-02-26,-0.26077902560062244
2016-02-29,-0.5218289063949468
2016-03-01,0.6522245842405348
2016-03-02,0.4236358723024122
2016-03-03,-1.3695514407742844
2016-03-04,-1.6010852380569198
2016-03-07,1.7316194808915566
2016-03-08,0.13052760214386772
2016-03-09,-0.09788839694436888
2016-03-10,-1.7642581030161708
2016-03-11,0.6212394944582272
2016-03-14,0.9798367653291951
2016-03-15,0.45680795736226354
2016-03-16,0.2609039036671639
2016-03-17,-1.403451252517371
2016-03-18,0.7510158023197007
2016-03-21,-0.06527267628554295
2016-03-22,0.7177064941663513
2016-03-23,1.7911748479389682
2016-03-24,-0.7159328926828518
2016-03-25,-0.7492393579244426
2016-03-28,0.032588901137830514
2016-03-29,1.1645075265809485e-07
2016-03-30,-2.3830343207882403
2016-03-31,1.1761629992423968
2016-04-01,0.26111737056735934
2016-04-04,0.03263348417363327
2016-04-05,0.03263120264030711
2016-04-06,-0.2937324117495933
2016-04-07,-0.16323709623889682
2016-04-08,0.9462585614500025
2016-04-11,-0.1304419000719159
2016-04-12,-1.5344887950066424
2016-04-13,1.306147253161378
2016-04-14,0.32617641562515937
2016-04-15,-0.19568431768864003
2016-04-18,-6.9924676586948e-07
2016-04-19,-0.3262595981418912
2016-04-20,-0.03263518216858025
2016-04-21,-0.16319218110858535
2016-04-22,-5.831407292325357e-07
2016-04-25,0.32634749529833
2016-04-26,-0.7181568478415299
2016-04-27,-0.32667275670146445
2016-04-28,1.1100789557364537
2016-04-29,-1.1100761563583261
2016-05-02,-0.7191956270627309
2016-05-03,0.19621119807521048
2016-05-04,7.01129147737785e-07
2016-05-05,2.582142480528063e-12
2016-05-06,0.4249481975563744
2016-05-09,0.32671576230771693
2016-05-10,0.6529893921281598
2016-05-11,-0.6203225430070357
2016-05-12,1.5661147360591974
2016-05-13,0.32585563290942526
2016-05-16,-2.480130803411809
2016-05-17,1.4368883418671652
2016-05-18,-1.4368920697282126
2016-05-19,2.577853363879534
2016-05-20,0.065152932536908
2016-05-23,-1.2713567009132627
2016-05-24,1.0759037086934544
2016-05-25,-0.09774020953552183
2016-05-26,1.6273535493862206
2016-05-27,0.45501271292598144
2016-05-30,1.460597506800464
2016-05-31,-1.5905635687729756
2016-06-01,1.3959864939064954
2016-06-02,-1.4609823597798943
2016-06-03,0.7795534825755254
2016-06-06,-1.2997266283024673
2016-06-07,-0.9763292812651528
2016-06-08,-0.9776413905951966
2016-06-09,0.2608285547755342
2016-06-10,0.7819359128518589
2016-06-13,0.7810974362752984
2016-06-14,2.7911281821896018e-06
2016-06-15,-0.7159713506184765
2016-06-16,-1.9562440800685057
2016-06-17,1.9562345313314342
2016-06-20,6.990293494726195e-06
2016-06-21,2.45303535650166e-11
2016-06-22,-2.119499568251136
2016-06-23,0.7832968206660085
2016-06-24,0.22830765230970723
2016-06-27,0.8147903616708602
2016-06-28,-1.5652006069013567
2016-06-29,-0.2285463249292888
2016-06-30,0.7506490345138577
2016-07-01,2.6823244444875906e-06
2016-07-04,0.7824611113211926
2016-07-05,2.796000685050358e-06
2016-07-06,-0.8803280062938851
2016-07-07,-3.1457118608294363e-06
2016-07-08,-0.09788007484375412
2016-07-11,-0.06526105686644483
2016-07-12,-0.6202693838278214
2016-07-13,0.8160314787168512
2016-07-14,-0.06524607363223911
2016-07-15,0.032624993861928756
2016-07-18,1.1657985978212125e-07
2016-07-19,-0.2610428310624919
2016-07-20,-0.7183525291018301
2016-07-21,1.0446379213210557
2016-07-22,0.06524393706426503
2016-07-25,-0.130486031948038
2016-07-26,-4.662716694925952e-07
2016-07-27,0.7173847269364965
2016-07-28,-0.7173821634771079
2016-07-29,-0.16314334539127606
2016-08-01,-0.6529301463226903
2016-08-02,0.8160680121532816
2016-08-03,-1.4368942881307372
2016-08-04,0.8494137988131445
2016-08-05,1.1418862152458429
2016-08-08,-1.8605535651701268
2016-08-09,1.1430053060815928
2016-08-10,0.09789294771227657
2016-08-11,0.0652522683805463
2016-08-12,0.6521974185071666
2016-08-15,-0.6521948548140941
2016-08-16,-2.3305152779430837e-06
2016-08-17,0.03262376257503335
2016-08-18,-0.7180611453757634
2016-08-19,-0.293959493877819
2016-08-22,-1.0504181432212965e-06
2016-08-23,0.8815143525332164
2016-08-24,0.03263130620875094
2016-08-25,0.06525203517822138
2016-08-26,0.1631044044426611
2016-08-29,-1.1424980158161293
2016-08-30,-4.0825351009761014e-06
2016-08-31,1.69677915429281
2016-09-01,-0.8805194457060576
2016-09-02,-0.7182579385014515
2016-09-05,1.6313693128273516
2016-09-06,-0.8152223945003073
2016-09-07,0.03262377849910602
2016-09-08,-0.7181256438374383
2016-09-09,0.7181231943060491
2016-09-12,-1.6658289261504033
2016-09-13,1.698450766683151
2016-09-14,-0.6527768870515079
2016-09-15,0.8158847948766599
2016-09-16,0.1630704924747412
2016-09-19,-0.8809992941115825
2016-09-20,0.48957306181788524
2016-09-21,0.717450853325391
2016-09-22,-0.48909045036626875
2016-09-23,0.1956749548955217
2016-09-26,6.992131980172331e-07
2016-09-27,-0.35878087385512264
2016-09-28,0.4239934540873201
2016-09-29,-0.35874716019058095
2016-09-30,0.03261955219547601
2016-10-03,0.7498754942916045
2016-10-04,-0.6846354218864222
2016-10-05,-0.2609866925427299
2016-10-06,-0.718191203058737
2016-10-07,-2.566342350689712e-06
2016-10-10,1.3704752543930607
2016-10-11,-1.207182968126344
2016-10-12,-0.32661578485073295
2016-10-13,0.1633229149642995
2016-10-14,0.0979774191699811
2016-10-17,1.6961703021148025
2016-10-18,-1.4023126055415092
2016-10-19,-0.3265137741024366
2016-10-20,0.09796686448184196
2016-10-21,0.48964252432453603
2016-10-24,-0.26109969266219485
2016-10-25,0.5873454625389726
2016-10-26,0.977859221675102
2016-10-27,0.39077826661411247
2016-10-28,-1.3686304988943052
2016-10-31,0.032611551838851824
2016-11-01,1.1653209014623149e-07
2016-11-02,-0.5220388046812771
2016-11-03,-1.8654223564928495e-06
2016-11-04,-6.4553562013201575e-12
2016-11-07,0.8807231000904163
2016-11-08,0.553985481999405
2016-11-09,-1.4347034553866531
2016-11-10,0.22843298946697993
2016-11-11,1.4668196684607375
2016-11-14,-0.5211912631888458
2016-11-15,0.09775095583025266
2016-11-16,2.407084029853839
2016-11-17,-0.4872700017882895
2016-11-18,2.9187815537481008
2016-11-21,3.358292725783795
2016-11-22,-2.6465692159332
2016-11-23,2.453245918265627
2016-11-24,6.608279116038477
2016-11-25,-1.1185122698733887
2016-11-28,-0.8000134277037704
2016-11-29,-0.9611779971341116
2016-11-30,-0.9624513720830656
2016-12-01,1.2829774669201661
2016-12-02,-0.6412027747353215
2016-12-05,1.6019566878492997
2016-12-06,0.31997425011756936
2016-12-07,-1.2807190022367374
2016-12-08,-1.604084888936803
2016-12-09,-1.4467111639614605
2016-12-12,1.1254589336309122
2016-12-13,1.1237280361103628
2016-12-14,1.762353262121863
2016-12-15,0.9594895979837457
2016-12-16,0.1597942381904947
2016-12-19,0.319476837490867
2016-12-20,0.1596866293521363
2016-12-21,0.1915768563709995
2016-12-22,-0.22350989212969927
2016-12-23,-0.12775199548608926
2016-12-26,0.22354940408555596
2016-12-27,7.988180531323629e-07
2016-12-28,0.2554013887557434
2016-12-29,0.2234035298038394
2016-12-30,-0.2234018188710675
2017-01-02,-7.982912960663351e-07
2017-01-03,-0.7984275158335135
2017-01-04,-0.6393769823192307
2017-01-05,-1.6009026997365885
2017-01-06,-3.695513930893871
2017-01-09,0.644035126193461
2017-01-10,-0.321950525421985
2017-01-11,-1.1504387232757914e-06
2017-01-12,-3.873213720792094e-12
2017-01-13,-0.32209550474602855
2017-01-16,0.3220943537882946
2017-01-17,1.1509525696294165e-06
2017-01-18,0.06440197555333065
2017-01-19,-0.2576419188174022
2017-01-20,0.19323925275656692
2017-01-23,-0.6443331234706882
2017-01-24,0.6443315115592072
2017-01-25,0.6437654043550277
2017-01-26,2.3003932948364836e-06
2017-01-27,7.746427441584188e-12
2017-01-30,0.0
2017-01-31,0.0
2017-02-01,0.0
2017-02-02,1.6069175119059331
2017-02-03,-0.8030089176482512
2017-02-06,-1.1257159967779222
2017-02-07,0.3218062525914902
2017-02-08,1.9278762711826065
2017-02-09,0.4811777073082637
2017-02-10,-0.8021267082889282
2017-02-13,0.9624450711932097
2017-02-14,2.240771328093461
2017-02-15,1.1178066371205755
2017-02-16,-0.4788420719258174
2017-02-17,-1.7110657522206028e-06
2017-02-20,1.7223713992179477
2017-02-21,0.5095555538599131
2017-02-22,1.8208158451417272e-06
2017-02-23,-1.2745439383117678
2017-02-24,0.7968472901276165
2017-02-27,-1.2115574784912433
2017-02-28,-0.8620787754191548
2017-03-01,1.276779847000706
2017-03-02,0.7968564068774153
2017-03-03,0.7959820032973699
2017-03-06,-1.2739825731477001
2017-03-07,-4.552374000305546e-06
2017-03-08,-0.15940530706431458
2017-03-09,0.1594047374385191
2017-03-10,-1.2762218734407633
2017-03-13,1.276217882672424
2017-03-14,4.56036185806906e-06
2017-03-15,0.7965025395354514
2017-03-16,-1.7534563748040919
2017-03-17,0.38292761806637216
2017-03-20,0.2551785831254154
2017-03-21,-0.3189846076850355
2017-03-22,-0.22337433159769807
2017-03-23,0.54235791308896
2017-03-24,-0.1594733219767033
2017-03-27,-0.3828840211288345
2017-03-28,-0.09575375545126939
2017-03-29,0.09575204511497243
2017-03-30,-0.2553673953986925
2017-03-31,-0.4790573911814373
2017-04-03,-0.639235257499166
2017-04-04,-1.2801584840644642
2017-04-05,-0.32039624574217873
2017-04-06,-1.2829820509718903
2017-04-07,-1.1244736920199812
2017-04-10,-0.32160070238779365
2017-04-11,1.8632819030114602
2017-04-12,0.5452373351544145
2017-04-13,-2.5693635010520857
2017-04-14,5.129670653602757
2017-04-17,-2.560296055380218
2017-04-18,-0.6414994769234946
2017-04-19,2.6904605694959236
2017-04-20,-1.408038279826449
2017-04-21,-1.2824199994343284
2017-04-24,2.0827722047105315
2017-04-25,1.4384414361318372
2017-04-26,-1.5984307243017297
2017-04-27,0.6397905395861332
2017-04-28,0.31968933536075916
2017-05-01,-1.2795916081771255
2017-05-02,-4.5724178813106455e-06
2017-05-03,1.279592750519541
2017-05-04,4.572421754524366e-06
2017-05-05,-0.3196870491537551
2017-05-08,-1.2801573422100736
2017-05-09,1.2801516254202128
2017-05-10,0.2557654619241956
2017-05-11,-0.5116108939500665
2017-05-12,-1.024307107636746
2017-05-15,-0.38449061744896557
2017-05-16,-2.5041366562411222
2017-05-17,0.9641413076508127
2017-05-18,1.604083757696309
2017-05-19,-2.5682248363381963
2017-05-22,0.8035381623839125
2017-05-23,1.604437285708601
2017-05-24,-2.4079760207187584
2017-05-25,0.8035387350075754
2017-05-26,1.604437285711183
2017-05-29,2.0804894678852035
2017-05-30,-1.2795853162382664
2017-05-31,0.32010487764711154
2017-06-01,-0.32010830619782216
2017-06-02,-0.8008921280024712
2017-06-05,0.8008881222861091
2017-06-06,2.861846609375064e-06
2017-06-07,1.0328569922112252e-11
2017-06-08,-0.48042867976222814
2017-06-09,-0.32046402112082917
2017-06-12,0.32046115925743585
2017-06-13,0.16017932638632107
2017-06-14,0.32025107086861193
2017-06-15,-0.9611739940463704
2017-06-16,0.480743024048996
2017-06-19,0.4804303976215972
2017-06-20,0.640079692563161
2017-06-21,-1.4409666727457027
2017-06-22,-0.16028930333207875
2017-06-23,1.2812840156866763
2017-06-26,-0.16003252326405784
2017-06-27,-0.16007292016274796
2017-06-28,0.8000088588828135
2017-06-29,2.8587041419762613e-06
2017-06-30,-0.8000094308673962
2017-07-03,1.11976394405539
2017-07-04,0.03197200264622702
2017-07-05,-0.03196788710101658
2017-07-06,-0.15986121562902045
2017-07-07,-0.7998339242916926
2017-07-10,-2.8580792634959734e-06
2017-07-11,-0.1600723483227653
2017-07-12,0.16007177631881656
2017-07-13,5.719910380016155e-07
2017-07-14,2.582142480528063e-12
2017-07-17,0.32003897239677226
2017-07-18,1.1436089564147946e-06
2017-07-19,0.4797943806604501
2017-07-20,-0.15989455601904515
2017-07-21,-0.8000100022361378
2017-07-24,0.32010659133373837
2017-07-25,0.47990112468635787
2017-07-26,-0.6399353677154059
2017-07-27,-0.1600746350203764
2017-07-28,0.8959508423266148
2017-07-31,-0.06395671354552014
2017-08-01,-0.191913751961796
2017-08-02,-6.857731464060845e-07
2017-08-03,0.15993145505328293
2017-08-04,5.71490102360393e-07
2017-08-07,0.1598962704906433
2017-08-08,-0.1598956991244838
2017-08-09,0.12791925905091112
2017-08-10,0.03197689717347207
2017-08-11,-0.09593342674779583
2017-08-14,-3.428026535724251e-07
2017-08-15,-1.2910712402640315e-12
2017-08-16,0.0
2017-08-17,0.031979253974960466
2017-08-18,1.1427271547576943e-07
2017-08-21,-0.031979253974960466
2017-08-22,0.03197913970224499
2017-08-23,0.0639544013105199
2017-08-24,0.255761116036383
2017-08-25,-0.1918113136003763
2017-08-28,-0.22384561587839347
2017-08-29,-7.998767315493794e-07
2017-08-30,-2.582142480528063e-12
2017-08-31,-0.3198981101685157
2017-09-01,0.3198969670630771
2017-09-04,1.1431015654173708e-06
2017-09-05,0.09594198345412995
2017-09-06,-0.2558730956724825
2017-09-07,-9.143224505713441e-07
2017-09-08,0.15993145505199186
2017-09-11,-0.4798994093458688
2017-09-12,0.3199668109353883
2017-09-13,1.1433507421667418e-06
2017-09-14,3.873213720792094e-12
2017-09-15,-0.15996665511265065
2017-09-18,0.19195519001777533
2017-09-19,-0.031988420598841334
2017-09-20,0.1599313407508728
2017-09-21,-0.1599308835670538
2017-09-22,-0.15996722660017088
2017-09-25,0.4797938090386585
2017-09-26,-0.31982601107749237
2017-09-27,-1.1428472243830388e-06
2017-09-28,-0.1599666551165239
2017-09-29,0.1599660834973144
2017-10-02,-0.15996608349989652
2017-10-03,-5.716127541282181e-07
2017-10-04,0.15996665511006852
2017-10-05,-0.1599660834973144
2017-10-06,-5.716127541282181e-07
2017-10-09,0.3198981101659336
2017-10-10,-0.15993031195042645
2017-10-11,-0.06398300865661705
2017-10-12,0.03199169401572283
2017-10-13,-0.2879778969407618
2017-10-16,-0.1600381307724846
2017-10-17,0.4160226184667756
2017-10-18,0.03199340924001551
2017-10-19,-0.2879778969343065
2017-10-20,0.25598505956525935
2017-10-23,0.15994644794211937
2017-10-24,-0.12795303902874489
2017-10-25,0.03199005730276333
2017-10-26,1.1431144761297734e-07
2017-10-27,-0.6400779758218597
2017-10-30,-2.287216621758349e-06
2017-10-31,-7.746427441584188e-12
2017-11-01,0.032017290134394895
2017-11-02,-0.03201717572611694
2017-11-03,-1.1440827795599715e-07
2017-11-06,0.16007234831243672
2017-11-07,-0.12805448618442167
2017-11-08,-0.03201774771715494
2017-11-09,-1.1441086009847768e-07
2017-11-10,0.032017290134394895
2017-11-13,-0.19212478614938733
2017-11-14,0.4802163739378919
2017-11-15,-0.2880904439303714
2017-11-16,-1.0294459819944477e-06
2017-11-17,0.35209713502951645
2017-11-20,-0.38411316700465914
2017-11-21,-1.372567530163218e-06
2017-11-22,0.48011132070404466
2017-11-23,0.3838625552450975
2017-11-24,-0.38385946797228526
2017-11-27,-1.3716611981525525e-06
2017-11-28,-0.3200389724019365
2017-11-29,0.32003782878781584
2017-11-30,-0.32003782879298015
2017-12-01,-0.16007349191622885
2017-12-04,0.06403259791023785
2017-12-05,0.09603940721480606
2017-12-06,3.4318093744582244e-07
2017-12-07,-0.12805505817675075
2017-12-08,0.28809170232330755
2017-12-11,-0.32010842059189837
2017-12-12,0.0320161462775528
2017-12-13,1.1440440474227635e-07
2017-12-14,0.1280550581780418
2017-12-15,-0.1600718907283856
2017-12-18,0.4481131923249389
2017-12-19,-0.4160948729201477
2017-12-20,-0.032018776983678034
2017-12-21,0.16007223389899447
2017-12-22,-0.12805448618571275
2017-12-25,0.3040934745328503
2017-12-26,-0.6563606341127305
2017-12-27,0.6403576031345499
2017-12-28,2.2882159108983135e-06
2017-12-29,-0.32010945003400715
2018-01-01,-1.1438607153066461e-06
2018-01-02,-3.873213720792094e-12
2018-01-03,0.25609883794505006
2018-01-04,0.06401152722478251
2018-01-05,-0.03200437262966646
2018-01-08,-0.28810496303995914
2018-01-09,0.2881038191792438
2018-01-10,-0.25608652904872214
2018-01-11,-0.19212581564184789
2018-01-12,0.4162057618373152
2018-01-15,0.032007497977460615
2018-01-16,0.032004715738303914
2018-01-17,-0.32010933567737204
2018-01-18,0.03201614627497066
2018-01-19,-0.032017175729990154
2018-01-22,0.03201717572611694
2018-01-23,0.2880922743156366
2018-01-24,-0.4481916872111741
2018-01-25,0.160098955214656
2018-01-26,0.288092731995227
2018-01-29,-0.2880911304536302
2018-01-30,-0.03201831958166796
2018-01-31,-1.1441215116971794e-07
2018-02-01,0.28810484867686864
2018-02-02,1.0294963337728178e-06
2018-02-05,-0.44821245909626584
2018-02-06,0.1601060088067915
2018-02-07,-0.28821852580697954
2018-02-08,0.22417925617249335
2018-02-09,-0.25621088557928967
2018-02-12,0.3842827528722548
2018-02-13,-0.06403179673468863
2018-02-14,-0.1601078392307888
2018-02-15,-5.721201451256419e-07
2018-02-16,-2.582142480528063e-12
2018-02-19,0.0
2018-02-20,-0.32032106933895776
2018-02-21,0.9605388558554452
2018-02-22,-0.15999843833390603
2018-02-23,0.9594827287656208
2018-02-26,-0.2557349606295229
2018-02-27,0.575283971853406
2018-02-28,0.19166253969917907
2018-03-01,-0.19165979913709308
2018-03-02,0.31940538249075506
2018-03-05,0.15965155265462555
2018-03-06,0.12769565485557993
2018-03-07,-0.3192793303188634
2018-03-08,-0.09581243329384316
2018-03-09,0.1277452409731887
2018-03-12,-0.06386952858658282
2018-03-13,0.12773412967067005
2018-03-14,0.09578649491347638
2018-03-15,0.06385068885028244
2018-03-16,-0.095777395298775
2018-03-19,0.03192693464146107
2018-03-20,0.28728251098916496
2018-03-21,-0.015956127942875115
2018-03-22,0.6539561680958467
2018-03-23,0.2550452360201503
2018-03-26,0.2549543453794784
2018-03-27,0.15930140363914785
2018-03-28,0.0955641082060712
2018-03-29,-0.2867279788519133
2018-03-30,-0.510019725088187
2018-04-02,-0.03188987752329634
2018-04-03,0.5419066416054386
2018-04-04,0.19116671778456792
2018-04-05,-0.06371532417507944
2018-04-06,-0.41429048200198715
2018-04-09,-0.3188470633045861
2018-04-10,-1.1393497123931636e-06
2018-04-11,-0.06378590504895282
2018-04-12,-0.06379173142106731
2018-04-13,-0.06379733086933632
2018-04-16,-0.2871565104278461
2018-04-17,-0.1595813307514909
2018-04-18,0.09575181703690927
2018-04-19,0.15955962680204758
2018-04-20,-0.22339223767388283
2018-04-23,-0.06383992825564656
2018-04-24,-0.03192189598418705
2018-04-25,-1.1406743514856745e-07
2018-04-26,-0.09577341650383034
2018-04-27,-0.0638562985677321
2018-04-30,-2.2818005779054413e-07
2018-05-01,-1.2910712402640315e-12
2018-05-02,-0.095794454973185
2018-05-03,0.06386403052742937
2018-05-04,0.15963661325745274
2018-05-07,5.704365882283376e-07
2018-05-08,0.15960133017833106
2018-05-09,0.06383129046487426
2018-05-10,-0.15958708444662312
2018-05-11,-5.702597114684213e-07
2018-05-14,-0.12769508436863994
2018-05-15,0.09577296020568617
2018-05-16,0.06384227600285235
2018-05-17,0.09575261540566961
2018-05-18,0.38288379343292844
2018-05-21,-0.47863447037775936
2018-05-22,-0.03192197623588427
2018-05-23,0.1276725391184443
2018-05-24,0.12765068610966201
2018-05-25,-0.2553224269393924
2018-05-28,1.4350249911945703
2018-05-29,0.5095545270735379
2018-05-30,0.6364366202968788
2018-05-31,-1.4646318022923797
2018-06-01,-0.25502576065720156
2018-06-04,0.9558650296939039
2018-06-05,0.09552090492777435
2018-06-06,-0.7644912867548688
2018-06-07,-0.1274962188605845
2018-06-08,-0.3507229049933725
2018-06-11,0.7649932858256504
2018-06-12,-0.06371606666627651
2018-06-13,-0.06372461460107262
2018-06-14,0.0637241592118426
2018-06-15,0.09557633338546669
2018-06-18,0.6368533895631129
2018-06-19,0.5408889602170478
2018-06-20,0.44513598247998104
2018-06-21,0.3177876542613173
2018-06-22,0.4764198568670348
2018-06-25,0.12699397016376068
2018-06-26,0.7931998063057651
2018-06-27,0.47550726387610764
2018-06-28,1.6991491646729658e-06
2018-06-29,0.6651839991064395
2018-07-02,-0.12665241028245341
2018-07-03,2.9390295755344464
2018-07-04,-0.22079367730787616
2018-07-05,0.06309296466644747
2018-07-06,-0.15774442944072922
2018-07-09,0.09465033758129617
2018-07-10,0.031547899677041115
2018-07-11,0.12617666694251373
2018-07-12,0.12615510418462125
2018-07-13,0.09460207288672146
2018-07-16,3.3804505605205213e-07
2018-07-17,1.2910712402640315e-12
2018-07-18,-0.031532505897673854
2018-07-19,0.03153239322072243
2018-07-20,0.09458942299394862
2018-07-23,5.246150169468942
2018-07-24,0.8759178730360403
2018-07-25,-1.0324176932302556
2018-07-26,-1.253392220662747
2018-07-27,1.7228480551645042
2018-07-30,0.7817729247895188
2018-07-31,0.7809295846610944
2018-08-01,0.3121387174060887
2018-08-02,-0.31213481149986194
2018-08-03,0.7489000272157763
2018-08-06,0.06237628646091328
2018-08-07,-0.12475235114806427
2018-08-08,-0.624084714395247
2018-08-09,-0.21855838704980843
2018-08-10,-7.809831950193555e-07
2018-08-13,1.0921241642719621
2018-08-14,0.12471366511759248
2018-08-15,-0.12470931694071061
2018-08-16,0.06235711046252624
2018-08-17,-0.592612679736221
2018-08-20,-0.6555579823436198
2018-08-21,-0.12493719364711146
2018-08-22,0.18739377776738447
2018-08-23,0.21856621576238444
2018-08-24,0.592919016459605
2018-08-27,-0.21838517124633688
2018-08-28,0.06240228437386603
2018-08-29,0.15598444819461632
2018-08-30,0.06238487522583736
2018-08-31,0.031190373965939315
2018-09-03,1.1145430695827304e-07
2018-09-04,0.28065114372734523
2018-09-05,0.031177774752876957
2018-09-06,0.031175546012744883
2018-09-07,-0.374193389862773
2018-09-10,-1.3371211692617689e-06
2018-09-11,-0.5928673247894266
2018-09-12,-0.0936569726585713
2018-09-13,-0.12489224915783999
2018-09-14,-0.9061092128059799
2018-09-17,1.3119258089354746
2018-09-18,-0.2809236778016844
2018-09-19,0.7800876130371991
2018-09-20,0.4676543819300502
2018-09-21,0.3739064180318271
2018-09-24,0.15573822725472855
2018-09-25,0.2491101924872692
2018-09-26,0.09339499577317621
2018-09-27,-0.09339377188541008
2018-09-28,-0.6229345861913884
2018-10-01,0.15578139795413373
2018-10-02,-0.15578306725244026
2018-10-03,0.46725017917662603
2018-10-04,0.24907929188233688
2018-10-05,-0.5605438441235174
2018-10-08,0.6227988016494895
2018-10-09,0.15561907534735192
2018-10-10,-0.15561629379504513
2018-10-11,-0.15565073218177036
2018-10-12,-0.06226996117976049
2018-10-15,-0.40488144607765214
2018-10-16,0.24918291995944913
2018-10-17,0.12456104403325281
2018-10-18,0.1556706238015798
2018-10-19,0.12451269748734362
2018-10-22,-0.09338166118659254
2018-10-23,-3.336851084736805e-07
2018-10-24,-1.2910712402640315e-12
2018-10-25,0.06225607049522578
2018-10-26,0.15561707233682442
2018-10-29,-0.37353587489999357
2018-10-30,-1.3347714196044883e-06
2018-10-31,-5.164284961056126e-12
2018-11-01,0.062269404986270184
2018-11-02,-0.4671504060419944
2018-11-05,-0.6233366084997823
2018-11-06,0.4675490879049613
2018-11-07,0.03116106685406565
2018-11-08,-0.24931246962912887
2018-11-09,-0.8732690120671451
2018-11-12,0.3119988137181816
2018-11-13,0.2495062647944399
2018-11-14,0.21824765819889544
2018-11-15,-0.2182459867548285
2018-11-16,-0.062369037902818725
2018-11-19,0.12473094177330833
2018-11-20,0.8102316687818745
2018-11-21,0.49815815433243105
2018-11-22,-0.21789913432192354
2018-11-23,0.46684978527056603
2018-11-26,-0.6225324123060666
2018-11-27,0.1556812921001149
2018-11-28,-0.31139983173849173
2018-11-29,-0.24921752067256142
2018-11-30,-0.3739858023047629
2018-12-03,-0.4677532529221974
2018-12-04,-0.5304846783850587
2018-12-05,0.7176180032217188
2018-12-06,0.8103727695549087
2018-12-07,-0.6856361448836507
2018-12-10,-0.15591975074271341
2018-12-11,-0.15595131294290102
2018-12-12,-5.572676615776444e-07
2018-12-13,-0.4680531413734879
2018-12-14,0.062422831054819224
2018-12-17,0.9668950478442645
2018-12-18,3.4550460746404967e-06
2018-12-19,-0.34294449708454205
2018-12-20,-0.21832291534312961
2018-12-21,-0.5617007309148975
2018-12-24,-0.12488319208910029
2018-12-25,-0.031224095467283414
2018-12-26,-0.5310074802194831
2018-12-27,-0.9380211645656977
2018-12-28,-1.2525818515888887
2018-12-31,-4.475902559673468e-06
2019-01-01,-1.5492854883168377e-11
2019-01-02,0.4699699449698259
2019-01-03,-0.15662120553735012
2019-01-04,-0.06265916520741512
2019-01-07,-2.239027387715494e-07
2019-01-08,-1.2910712402640315e-12
2019-01-09,0.0
2019-01-10,-0.06266400784650701
2019-01-11,0.06266378392698431
2019-01-14,0.03133020192348062
2019-01-15,0.12530652053561167
2019-01-16,-0.15663593882274585
2019-01-17,-5.597142415779448e-07
2019-01-18,-0.03133132857938058
2019-01-21,0.031331216618973694
2019-01-22,1.1195653367073576e-07
2019-01-23,-0.06266400784650701
2019-01-24,-2.2391952269767282e-07
2019-01-25,-0.12534422633057285
2019-01-28,0.06267436735049603
2019-01-29,0.0626696350386059
2019-01-30,0.21930061837230488
2019-01-31,-0.15663560294927165
2019-02-01,0.06265804583315694
2019-02-04,2.238988655578286e-07
2019-02-05,1.2910712402640315e-12
2019-02-06,0.0
2019-02-07,0.0
2019-02-08,0.0
2019-02-11,0.3132120257789053
2019-02-12,-0.06263048878642445
2019-02-13,-0.3759032549729652
2019-02-14,0.15664854736250686
2019-02-15,5.597581380001137e-07
2019-02-18,-0.06265590473997816
2019-02-19,-2.2389111913038702e-07
2019-02-20,-0.03132997800524899
2019-02-21,0.3758705193723523
2019-02-22,-0.031313786239278475
2019-02-25,0.2191774648657923
2019-02-26,-0.5010736899908593
2019-02-27,-0.031330418048806236
2019-02-28,-1.1195395152825523e-07
2019-03-01,0.09398183171613765
2019-03-04,-0.06265286834441032
2019-03-05,-0.06265882942560694
2019-03-06,0.06265838164465976
2019-03-07,-0.09398971022274925
2019-03-08,0.06266097072406605
2019-03-11,-0.03132975409476379
2019-03-12,-1.119513693857747e-07
2019-03-13,0.03132997800395792
2019-03-14,-0.031329866051297464
2019-03-15,-1.1195266045701497e-07
2019-03-18,0.12531180972009556
2019-03-19,0.1879276613878567
2019-03-20,0.03131715017703783
2019-03-21,-0.2818967845191229
2019-03-22,-0.03132963485529725
2019-03-25,-1.119513693857747e-07
2019-03-26,-0.03132997800395792
2019-03-27,-1.1195266045701497e-07
2019-03-28,0.06265860554610746
2019-03-29,0.09397800493966722
2019-04-01,-0.1253060727662841
2019-04-02,-0.06266175434233748
2019-04-03,0.06266108266898009
2019-04-04,-0.03132975409476379
2019-04-05,0.031329866052588536
2019-04-08,1.1195266045701497e-07
2019-04-09,-0.03132997800395792
2019-04-10,0.062658493593447
2019-04-11,-0.12532238949245783
2019-04-12,0.0939935380307856
2019-04-15,3.358708920834475e-07
2019-04-16,1.2910712402640315e-12
2019-04-17,-0.03132997800395792
2019-04-18,0.1566362746329576
2019-04-19,0.21923480445363625
2019-04-22,0.25047325751491306
2019-04-23,-0.2504715790874418
2019-04-24,0.15655451636921092
2019-04-25,5.594224594776451e-07
2019-04-26,2.1882422817830314
2019-04-29,7.81933552559314e-06
2019-04-30,2.8403567285808693e-11
2019-05-01,0.0
2019-05-02,-0.7807590122046266
2019-05-03,-0.3438026389535415
2019-05-06,0.9684729130019842
2019-05-07,0.31213938756243736
2019-05-08,2.336757477970197
2019-05-09,0.4664594268431816
2019-05-10,-1.0888502140928404
2019-05-13,-0.6229381432966445
2019-05-14,1.5563334748637279
2019-05-15,-2.335749511344184
2019-05-16,-8.346429561214572e-06
2019-05-17,2.7398570623512346
2019-05-20,0.3728276978601998
2019-05-21,-0.31066697536325827
2019-05-22,-0.6217363871847429
2019-05-23,0.5595834555771543
2019-05-24,-0.2486495576038259
2019-05-27,0.18649575397960913
2019-05-28,0.1864494667607549
2019-05-29,0.4348619520949372
2019-05-30,0.27941790690250834
2019-05-31,-0.15521704689345886
2019-06-03,-0.527989997671724
2019-06-04,0.06213442988794072
2019-06-05,0.527944544500384
2019-06-06,-0.31050715163389947
2019-06-07,-0.21743639386008912
2019-06-10,-1.0881540038632656
2019-06-11,-0.7159640882252625
2019-06-12,-0.685494630142825
2019-06-13,-0.15588630952906235
2019-06-14,0.6233343821765357
2019-06-17,0.46715285593746564
2019-06-18,-0.31139871874341657
2019-06-19,-0.6232024324338239
2019-06-20,-0.6237383686677807
2019-06-21,-0.46815586470531606
2019-06-24,0.18729596881043953
2019-06-25,0.3120561867396064
2019-06-26,0.12478581700826528
2019-06-27,0.311868502422338
2019-06-28,-0.31186694210722804
2019-07-01,-1.561351864315274
2019-07-02,-0.6254862500058493
2019-07-03,0.4691587244551418
2019-07-04,-0.1563516627575871
2019-07-05,-0.15638754038017924
2019-07-08,0.3127397620773652
2019-07-09,-0.7821021480539075
2019-07-10,-0.31307990253945805
2019-07-11,-0.3132131445205385
2019-07-12,-1.1192180385437266e-06
2019-07-15,-0.031328627546022746
2019-07-16,0.03132851559465336
2019-07-17,1.119474961720539e-07
2019-07-18,0.4384590525523604
2019-07-19,0.9386669362504596
2019-07-22,-1.0325952619113994
2019-07-23,-0.06263259933802198
2019-07-24,-0.12527423533294735
2019-07-25,0.12527356387778102
2019-07-26,-0.12527356388036315
2019-07-29,-4.47645384709306e-07
2019-07-30,-0.1566228849021391
2019-07-31,0.9392308799833224
2019-08-01,-0.9392280834571713
2019-08-02,0.46976408098675726
2019-08-05,1.6574190959796147
2019-08-06,-0.5624668215850853
2019-08-07,-1.0949466831290697
2019-08-08,0.15651778381344528
2019-08-09,-0.5009875664009314
2019-08-12,-0.21929273223029797
2019-08-13,0.25061203541581106
2019-08-14,-0.15662198937897687
2019-08-15,0.25057985811571676
2019-08-16,0.09394628357750819
2019-08-19,-0.18790258534753912
2019-08-20,-0.06264577530101093
2019-08-21,-0.09397800489447973
2019-08-22,-3.358153760201162e-07
2019-08-23,-0.06265860554739852
2019-08-26,-2.2390015662906887e-07
2019-08-27,-0.031331328578089505
2019-08-28,0.28193323429801015
2019-08-29,-0.34459904815952164
2019-08-30,-0.313415852256605
2019-09-02,-1.1199423295095147e-06
2019-09-03,0.40741265880723887
2019-09-04,0.03133143382879915
2019-09-05,-0.03132986604613318
2019-09-06,-1.1195266045701497e-07
2019-09-09,0.03132997800395792
2019-09-10,1.1195266045701497e-07
2019-09-11,0.0
2019-09-12,0.18795151244299757
2019-09-13,6.716152591853492e-07
2019-09-16,0.407061614994181
2019-09-17,0.21909408426903756
2019-09-18,-0.5008794502671149
2019-09-19,0.06262711971020156
2019-09-20,-0.2505478011228049
2019-09-23,-0.03132547215887404
2019-09-24,-0.06265331611115572
2019-09-25,-2.2388208163170518e-07
2019-09-26,-1.2910712402640315e-12
2019-09-27,0.0
2019-09-30,0.0
2019-10-01,0.03132727720041077
2019-10-02,-0.03132716525678781
2019-10-03,-1.1194233188709285e-07
2019-10-04,0.0
2019-10-07,0.0
2019-10-08,0.0
2019-10-09,0.7827771295915644
2019-10-10,-0.7827743324624831
2019-10-11,-2.797120043815667e-06
2019-10-14,-1.0328569922112252e-11
2019-10-15,0.03132727720041077
2019-10-16,0.03132603891720031
2019-10-17,0.12529031989739958
2019-10-18,-0.09396518338864444
2019-10-21,0.06264476809114891
2019-10-22,-0.12529538384934133
2019-10-23,0.12529515997758828
2019-10-24,-0.06264465613848845
2019-10-25,-0.09397800489060652
2019-10-28,-3.358153760201162e-07
2019-10-29,0.06265320417269704
2019-10-30,-0.06265298029319756
2019-10-31,0.06265298029319756
2019-11-01,-0.06265298029319756
2019-11-04,-0.03132885142294009
2019-11-05,-1.1194878724329417e-07
2019-11-06,0.0
2019-11-07,0.0
2019-11-08,-0.03132997800395792
2019-11-11,0.062658493593447
2019-11-12,-0.0313284036419929
2019-11-13,-1.119474961720539e-07
2019-11-14,0.03132862754214953
2019-11-15,0.12530111985550652
2019-11-18,0.03132232473634382
2019-11-19,-0.15662277297530008
2019-11-20,-0.031329187208621476
2019-11-21,-0.18800024092780285
2019-11-22,0.06267144126018175
2019-11-25,0.06266693329386781
2019-11-26,-0.2193569020162207
2019-11-27,0.31334627623251543
2019-11-28,1.1196931527601437e-06
2019-11-29,-0.6581849297731487
2019-12-02,-0.12543851645477744
2019-12-03,-0.15682610308387757
2019-12-04,-5.603933450503237e-07
2019-12-05,-0.09411163807660135
2019-12-06,0.2509369566307112
2019-12-09,-0.15682475816592908
2019-12-10,-5.603881807653626e-07
2019-12-11,0.15682565484718222
2019-12-12,-0.18819428648347025
2019-12-13,0.12546797304429716
2019-12-16,0.09408772041638626
2019-12-17,3.3620786167715645e-07
2019-12-18,-0.09408727207511415
2019-12-19,-0.12546898173243576
2019-12-20,0.18819439853166997
2019-12-23,-0.06272552886550894
2019-12-24,0.09408704793610934
2019-12-25,-0.09408693587112568
2019-12-26,0.03136344115549149
2019-12-27,-0.09409528060163715
2019-12-30,-0.031368174422774335
2019-12-31,0.031367726098286156
2020-01-01,1.1208822293724269e-07
2020-01-02,-0.09410757619864023
2020-01-03,0.09410723991976963
2020-01-06,0.15681922366758097
2020-01-07,-0.03136051035922252
2020-01-08,-1.120624015124374e-07
2020-01-09,-0.062726201348368
2020-01-10,0.09408704793481827
2020-01-13,-0.09408693587112568
2020-01-14,0.06272586514308846
2020-01-15,-0.1568254307094685
2020-01-16,0.031367277797037255
2020-01-17,-0.03136772610215936
2020-01-20,-0.03136930411398278
2020-01-21,0.03136907993237262
2020-01-22,-0.03136907993366369
2020-01-23,-1.1209209615096348e-07
2020-01-24,0.0
2020-01-27,0.0
2020-01-28,0.0
2020-01-29,0.0
2020-01-30,0.40769393010549304
2020-01-31,1.2530118431494943
2020-02-03,0.875828212614548
2020-02-04,-0.6254775411299857
2020-02-05,-0.3129445410932242
2020-02-06,0.0312991765106915
2020-02-07,0.28164212312353765
2020-02-10,0.8755233050114877
2020-02-11,-0.5627115497561284
2020-02-12,0.31267103969279575
2020-02-13,-0.34394663764958877
2020-02-14,0.18762681465830414
2020-02-17,-0.5317379717162865
2020-02-18,0.3441086983922641
2020-02-19,-0.4379859962738055
2020-02-20,0.3441534720379516
2020-02-21,0.18765349500698414
2020-02-24,0.1563405568401266
2020-02-25,0.7187312049754417
2020-02-26,-0.9376133363099363
2020-02-27,-3.3504124970445387e-06
2020-02-28,-1.1619641162376283e-11
2020-03-02,0.0
2020-03-03,-0.6883545600665689
2020-03-04,-0.3757435474852055
2020-03-05,0.12526727098611135
2020-03-06,-0.1565886932559118
2020-03-09,-1.0343358709601933
2020-03-10,0.06272521217864442
2020-03-11,-0.06272868407448982
2020-03-12,0.721055558893471
2020-03-13,0.40723963782770856
2020-03-16,0.532198167018376
2020-03-17,0.40671307732727713
2020-03-18,1.3748760576794001
2020-03-19,2.244204809383227
2020-03-20,3.136489117944635
2020-03-23,2.6291755616722003
2020-03-24,1.2339799707568349
2020-03-25,0.6162049504274354
2020-03-26,0.6156807601762905
2020-03-27,2.20003703625952e-06
2020-03-30,0.6151574591349693
2020-03-31,-0.7382492564381671
2020-04-01,-0.8006221681473084
2020-04-02,-2.8608963809422297e-06
2020-04-03,-1.2334470411773288
2020-04-06,-3.4028169396062062
2020-04-07,0.3099936011150473
2020-04-08,3.0928078792518976
2020-04-09,-1.9159782658942235
2020-04-10,-1.6418825403993862
2020-04-13,-0.09305323452348761
2020-04-14,1.2086872917733917
2020-04-15,-0.9605834582870111
2020-04-16,-3.4324923511443243e-06
2020-04-17,-0.49628441299584264
2020-04-20,0.806288400129609
2020-04-21,0.309876471243424
2020-04-22,0.5883972022704851
2020-04-23,0.1857124760707173
2020-04-24,0.6186927584922689
2020-04-27,-1.547716633369718
2020-04-28,-0.402952869216876
2020-04-29,-0.43419470750309475
2020-04-30,-1.5515254969186958e-06
2020-05-01,-5.164284961056126e-12
2020-05-04,0.5272009450839192
2020-05-05,-0.7443930034484099
2020-05-06,0.062059375297291275
2020-05-07,0.06205695801557063
2020-05-08,-1.490825810098814
2020-05-11,-1.712011395209938
2020-05-12,0.24926371064018338
2020-05-13,0.5294155897636856
2020-05-14,0.09338799738724696
2020-05-15,0.15561718358197785
2020-05-18,-0.5292327317263454
2020-05-19,-1.3403734788094543
2020-05-20,-0.7804284601826281
2020-05-21,0.15614899928848025
2020-05-22,-0.24985840871509987
2020-05-25,1.404339794226083
2020-05-26,0.7478786851691784
2020-05-27,-0.3426772353500803
2020-05-28,-0.7794205963220127
2020-05-29,-0.6241406462196677
2020-06-01,-0.6246765227583635
2020-06-02,-0.21876513719448176
2020-06-03,0.21876212328937492
2020-06-04,0.09373615934080021
2020-06-05,-0.24998754130679757
2020-06-08,-8.932909000674431e-07
2020-06-09,-1.5643753232176023
2020-06-10,-0.4699755350165142
2020-06-11,0.7831128178551656
2020-06-12,-0.2818212267063451
2020-06-15,0.4383447144247602
2020-06-16,-0.3130755414673566
2020-06-17,-0.43853575789766014
2020-06-18,0.4385330721338018
2020-06-19,0.1565569784188268
2020-06-22,-0.15655485195864946
2020-06-23,0.09393673401802424
2020-06-24,-0.5638056270226247
2020-06-25,0.4072350465795532
2020-06-26,0.0626330631889329
2020-06-29,-0.37587040751523104
2020-06-30,0.1879582703410869
2020-07-01,-0.03132255523000127
2020-07-02,-0.03132468879107044
2020-07-03,-0.09398194364943203
2020-07-06,0.0626555689129825
2020-07-07,-0.6581563242190583
2020-07-08,0.2507942326480316
2020-07-09,-0.1253865784004367
2020-07-10,-0.21948059302796744
2020-07-13,0.06271459194023628
2020-07-14,0.06271018915878737
2020-07-15,0.06270477891442647
2020-07-16,0.03135047293619366
2020-07-17,0.21941399884523044
2020-07-20,-0.09402562820422834
2020-07-21,-0.25079692045049135
2020-07-22,0.12540821370749541
2020-07-23,-0.1254086617634408
2020-07-24,-0.15679227153291203
2020-07-27,0.1881455693226508
2020-07-28,-0.3449711121358351
2020-07-29,0.15682442215043702
2020-07-30,5.603868896941224e-07
2020-07-31,-0.15682565484718222
2020-08-03,-5.603920539790834e-07
2020-08-04,0.15682565484718222
2020-08-05,-0.03136186359554301
2020-08-06,-0.031363889427045745
2020-08-07,-1.1207402115359978e-07
2020-08-10,-0.09409945350139637
2020-08-11,0.12546289461299143
2020-08-12,0.03136287230950302
2020-08-13,-0.031362311917449044
2020-08-14,-1.1206885686863872e-07
2020-08-17,0.0
2020-08-18,0.0
2020-08-19,0.0
2020-08-20,0.0
2020-08-21,0.031362423987596984
2020-08-24,0.06272090038544116
2020-08-25,-0.21954621904283672
2020-08-26,0.1254624463491836
2020-08-27,4.4832061496796414e-07
2020-08-28,1.2910712402640315e-12
2020-08-31,0.0
2020-09-01,0.0
2020-09-02,0.0
2020-09-03,0.0
2020-09-04,0.12544157686814356
2020-09-07,-0.12544112862241072
2020-09-08,0.06272304647119244
2020-09-09,-0.03136084659677884
2020-09-10,-0.0784087096441819
2020-09-11,0.04704589341364926
2020-09-14,0.03136259209798318
2020-09-15,1.1206885686863872e-07
2020-09-16,0.09407915288054658
2020-09-17,-0.250904471553435
2020-09-18,-8.965676388752333e-07
2020-09-21,0.25090480772772883
2020-09-22,-0.031357467995032334
2020-09-23,0.2508289295885566
2020-09-24,-0.03134800036305608
2020-09-25,0.2194137748017649
2020-09-28,-0.09402562820422834
2020-09-29,0.06268529038900644
2020-09-30,-0.2821276806538334
2020-10-01,0.21944127013658318
2020-10-02,0.09402719638325319
2020-10-05,0.375984391229574
2020-10-06,0.06264644738234683
2020-10-07,2.2385755127814016e-07
2020-10-08,-0.4386291590986586
2020-10-09,-0.3448245640814793
2020-10-12,-0.06271390269927252
2020-10-13,-0.03135858866165281
2020-10-14,-0.06272090037123938
2020-10-15,-0.15682587897327632
2020-10-16,0.1568250944577104
2020-10-19,5.603894718366029e-07
2020-10-20,0.12543616453870263
2020-10-21,-0.06271492799316941
2020-10-22,-0.031359941690110825
2020-10-23,-1.1205981936995688e-07
2020-10-26,-0.03136107072803722
2020-10-27,-1.1206369258367767e-07
2020-10-28,0.03136107072803722
2020-10-29,-0.188186613514109
2020-10-30,0.3136168057999756
2020-11-02,-0.09406991442791726
2020-11-03,-0.03136005373185519
2020-11-04,-1.1205981936995688e-07
2020-11-05,-0.03136107072803722
2020-11-06,0.031360958664344636
2020-11-09,-0.188186613514109
2020-11-10,0.09409878104694089
2020-11-11,0.06272653759496181
2020-11-12,2.241428780222385e-07
2020-11-13,1.2910712402640315e-12
2020-11-16,0.0
2020-11-17,-0.3764384362646338
2020-11-18,-0.0941414261719013
2020-11-19,0.5019392516230372
2020-11-20,1.7936000633969616e-06
2020-11-23,0.03135971759500244
2020-11-24,-0.8157926198873557
2020-11-25,0.2824905112294793
2020-11-26,0.1255184079960589
2020-11-27,-0.12551695004095012
2020-11-30,-0.6279127938935203
2020-12-01,-0.3455854027035565
2020-12-02,-1.2348941484576629e-06
2020-12-03,-0.12570735441809325
2020-12-04,0.15713034691364536
2020-12-07,-0.09427383965965616
2020-12-08,0.03142582223192869
2020-12-09,1.1229479433568494e-07
2020-12-10,0.0
2020-12-11,0.0
2020-12-14,-0.06285367708897699
2020-12-15,-2.2459733509881143e-07
2020-12-16,-1.2910712402640315e-12
2020-12-17,-0.188593650992609
2020-12-18,0.12573386399936243
2020-12-21,-0.12573408861864574
2020-12-22,0.22002071968668446
2020-12-23,0.0942751873495346
2020-12-24,-0.1571304592303879
2020-12-25,0.15713023462788853
2020-12-28,-0.15713023462788853
2020-12-29,-0.1571653354890886
2020-12-30,-1.0066606873101829
2020-12-31,-0.5668632342776884
2021-01-01,-2.0255952367024857e-06
2021-01-04,-7.746427441584188e-12
2021-01-05,0.3149766006267964
2021-01-06,0.3148412840349596
2021-01-07,-0.37782343445463573
2021-01-08,-0.37802242028407546
2021-01-11,-0.5043354812444885
2021-01-12,0.47282169574681815
2021-01-13,-0.03151030917603275
2021-01-14,-1.1259690500590672e-07
2021-01-15,0.0315119987286649
2021-01-18,0.12603444674228742
2021-01-19,4.503643807413021e-07
2021-01-20,0.09451141010463066
2021-01-21,-0.37811906449722776
2021-01-22,0.3151118098983363
2021-01-25,-0.3151120350443767
2021-01-26,0.28360686611226743
2021-01-27,1.013423787902771e-06
2021-01-28,-0.3151268235979501
2021-01-29,-0.3467985143899465
2021-02-01,-0.09461107095221441
2021-02-02,-0.5679181001845717
2021-02-03,-0.22097883572301835
2021-02-04,-0.15788250950471117
2021-02-05,-0.4738516042525023
2021-02-08,-0.9486315793535001
2021-02-09,1.2645615130792547
2021-02-10,4.518709317715662e-06
2021-02-11,1.678392612343241e-11
2021-02-12,0.0
2021-02-15,0.0
2021-02-16,0.0
2021-02-17,0.0
2021-02-18,0.15791602334111948
2021-02-19,0.09473371167234289
2021-02-22,0.06314891100250891
2021-02-23,0.1578476569539517
2021-02-24,-0.15784686725860794
2021-02-25,0.15784686726119007
2021-02-26,-0.31572858713252894
2021-03-01,0.15788059166486232
2021-03-02,0.06314365047593333
2021-03-03,-0.0631428606811771
2021-03-04,-0.03157382604269895
2021-03-05,0.44190552590621907
2021-03-08,-0.25248302793778615
2021-03-09,1.1039722864989334
2021-03-10,-0.25218498707399395
2021-03-11,-0.031530671211850374
2021-03-12,0.12611076164698698
2021-03-15,0.8191881938020437
2021-03-16,0.03149171673409989
2021-03-17,-1.1659946439769773
2021-03-18,0.6304955430238938
2021-03-19,0.25204906969377516
2021-03-22,0.09449592706188892
2021-03-23,-0.1890020023839816
2021-03-24,0.3149759252583931
2021-03-25,0.1259535553554143
2021-03-26,4.50075180783483e-07
2021-03-29,-0.44092903046503557
2021-03-30,-1.575589773765977e-06
2021-03-31,0.1260070208671019
2021-04-01,-0.28354607367704315
2021-04-02,0.25204580351076583
2021-04-05,0.18897866940861693
2021-04-06,0.346332352019963
2021-04-07,1.237564083782529e-06
2021-04-08,-0.15740303138100015
2021-04-09,-0.6299537932846385
2021-04-12,0.06301764794831304
2021-04-13,0.06301466033458093
2021-04-14,0.2834975937583106
2021-04-15,-0.1574838729725466
2021-04-16,-0.1890274804729209
2021-04-19,0.18902624226975684
2021-04-20,0.03150038268055378
2021-04-21,1.1256204608241958e-07
2021-04-22,-0.12600702087226615
2021-04-23,-4.50266259327042e-07
2021-04-26,-0.9457496384183844
2021-04-27,0.06308489750075981
2021-04-28,0.1576969637823987
2021-04-29,0.22071853062382407
2021-04-30,7.887025099648942e-07
2021-05-03,2.582142480528063e-12
2021-05-04,-0.12611634502787442
2021-05-05,0.31524938927714485
2021-05-06,0.22059468345701083
2021-05-07,-0.22059276870411332
2021-05-10,-7.882532171732824e-07
2021-05-11,-0.15760782769850487
2021-05-12,-0.06305326510502886
2021-05-13,-0.4099761730663768
2021-05-14,0.2523187925637744
2021-05-17,-0.06307095111682964
2021-05-18,-0.1892486301856047
2021-05-19,0.1577097495759124
2021-05-20,5.635513053040095e-07
2021-05-21,0.28379255664113023
2021-05-24,0.0630509811251227
2021-05-25,0.12608375316996911
2021-05-26,-0.1576073771559563
2021-05-27,-0.3153187870326997
2021-05-28,-1.126741110660745e-06
2021-05-31,-0.15771042582999056
2021-06-01,0.12617051472080212
2021-06-02,-0.126170627423575
2021-06-03,0.03154437216313776
2021-06-04,0.09462636797741185
2021-06-07,-1.3890876427349286
2021-06-08,-1.518407663369539
2021-06-09,0.09498773372170358
2021-06-10,-0.2533423478408655
2021-06-11,-0.06335037752076002
2021-06-14,-0.031677033218967234
2021-06-15,0.09502616589529274
2021-06-16,-0.03167370635948283
2021-06-17,0.44331096770062856
2021-06-18,1.1070977533324406
2021-06-21,0.6002935594573692
2021-06-22,0.34731175614136517
2021-06-23,-0.15784619023892454
2021-06-24,-0.5369383981497087
2021-06-25,0.5369359154481173
2021-06-28,1.918655805871416e-06
2021-06-29,6.4553562013201575e-12
2021-06-30,-0.18946217978536842
2021-07-01,-0.12633624044031794
2021-07-02,-0.37913895486074095
2021-07-05,-0.06321033814126562
2021-07-06,0.3475811750208945
2021-07-07,0.25268335124085756
2021-07-08,-0.25268120629124896
2021-07-09,-0.22116983378506952
2021-07-12,0.6317319696403458
2021-07-13,-0.31579548581829114
2021-07-14,0.031584821213359544
2021-07-15,-0.06317315919374544
2021-07-16,0.06317304631796905
2021-07-19,0.2842120192924162
2021-07-20,0.1894138198278112
2021-07-21,-0.12626904108601206
2021-07-22,-0.37894128072998673
2021-07-23,-0.15795169580861831
2021-07-26,0.09477375965773925
2021-07-27,-0.09477398541316524
2021-07-28,-0.1895860699913325
2021-07-29,-1.075254933942129
2021-07-30,-0.47488690035586667
2021-08-02,-1.6969323953534324e-06
2021-08-03,-6.4553562013201575e-12
2021-08-04,-0.15836332878160694
2021-08-05,-0.28514154080040816
2021-08-06,-0.2852539040253928
2021-08-09,-0.06340575585777575
2021-08-10,-1.205742352121104
2021-08-11,-2.4812331966256744
2021-08-12,-0.12747999295481716
2021-08-13,0.7963275463103301
2021-08-16,2.845549417109211e-06
2021-08-17,1.0328569922112252e-11
2021-08-18,-0.7325896439485367
2021-08-19,0.15931882666748343
2021-08-20,0.2548422600511229
2021-08-23,0.1592316034786356
2021-08-24,-0.15923012385160498
2021-08-25,-0.956117998564811
2021-08-26,-0.1594786765423259
2021-08-27,0.12758243735715918
2021-08-30,-0.4466380852417743
2021-08-31,-1.595989990433389e-06
2021-09-01,-0.4788460662355652
2021-09-02,-1.7110799540042457e-06
2021-09-03,-6.4553562013201575e-12
2021-09-06,0.0
2021-09-07,-0.06386998506418588
2021-09-08,-0.03193732565662586
2021-09-09,0.25545737967895016
2021-09-10,-0.25545658096547375
2021-09-13,0.06387187871452397
2021-09-14,2.2823557385387548e-07
2021-09-15,-0.031935694119570965
2021-09-16,-0.1596996367580284
2021-09-17,0.5428346986319567
2021-09-20,-0.031918326177372
2021-09-21,-0.44703109748287706
2021-09-22,0.1596838903574108
2021-09-23,0.06386494343873908
2021-09-24,-0.06386414462326809
2021-09-27,0.1915760575477821
2021-09-28,-0.15964271330697552
2021-09-29,-0.2555029660462369
2021-09-30,-0.09583747264966251
2021-10-01,0.22359864240406543
2021-10-04,7.989936388210388e-07
2021-10-05,-0.09581971333470991
2021-10-06,-0.1277796139232592
2021-10-07,-4.566002548317774e-07
2021-10-08,0.22359898486329408
2021-10-11,-0.22359818586965524
2021-10-12,0.2235981858722374
2021-10-13,7.989923477497985e-07
2021-10-14,2.582142480528063e-12
2021-10-15,0.03193709742750736
2021-10-18,1.1412166014065853e-07
2021-10-19,-0.09581550268790084
2021-10-20,-3.42381764348099e-07
2021-10-21,-0.15972057960548272
2021-10-22,0.12777870079117631
2021-10-25,-0.28753450181809154
2021-10-26,0.3833536442927418
2021-10-27,-0.06387703540669507
2021-10-28,-0.1597208078591316
2021-10-29,-5.707374078273191e-07
2021-11-01,-2.582142480528063e-12
2021-11-02,-0.06389806101698019
2021-11-03,-0.03195136558512273
2021-11-04,-2.1439323327221844
2021-11-05,-7.661001130829639e-06
2021-11-08,-0.6412073592789439
2021-11-09,0.0641439066256745
2021-11-10,-0.06414596867043446
2021-11-11,-0.4812772545699819
2021-11-12,-0.16049824124861156
2021-11-15,0.1604959479665371
2021-11-16,0.160461661378804
2021-11-17,-0.06417961073345621
2021-11-18,0.06417995478199354
2021-11-19,0.22458625368200985
2021-11-22,0.416905106290799
2021-11-23,0.16028564401013035
2021-11-24,0.16024938711083103
2021-11-25,-0.32053239599549926
2021-11-26,0.2564365372987025
2021-11-29,0.38448787358561043
2021-11-30,-0.06406566254681169
2021-12-01,0.7044267560588918
2021-12-02,0.639798768481733
2021-12-03,3.1905626977026316
2021-12-06,6.0237585956573065
2021-12-07,1.5769553059997754
2021-12-08,-4.741097247088773
2021-12-09,1.9001370677149265
2021-12-10,1.4218693128985216
2021-12-13,-1.5800140078844258
2021-12-14,0.7904332515214557
2021-12-15,0.9473961733663046
2021-12-16,-1.263462373172545
2021-12-17,-0.3162144369213303
2021-12-20,-1.6465140636795867
2021-12-21,0.15847485115254994
2021-12-22,0.696905556941527
2021-12-23,-0.15832634044397148
2021-12-24,-3.491989567538737
2021-12-27,-0.9552921265282728
2021-12-28,0.7961501270513163
2021-12-29,-0.47758461804780017
2021-12-30,-1.7538455849888652
2021-12-31,1.9130683041686234
2022-01-03,6.83604534043813e-06
2022-01-04,-2.3282386060462676
2022-01-05,0.09581981616078777
2022-01-06,-0.3194759240941145
2022-01-07,-1.9198133815009455
2022-01-10,0.3203142091906083
2022-01-11,0.09606994316957727
2022-01-12,3.432906785012449e-07
2022-01-13,0.38414826188819934
2022-01-14,1.3726927640735235e-06
2022-01-17,0.31996852578527035
2022-01-18,0.959062414565059
2022-01-19,-1.5991358199727799
2022-01-20,-1.7631322686558277
2022-01-21,-0.6422051444151615
2022-01-24,1.604432119574826
2022-01-25,-1.443825764951417
2022-01-26,-5.159282060000103e-06
2022-01-27,-1.807499736369644e-11
2022-01-28,0.4815959278844629
2022-01-31,1.7209062972138953e-06
2022-02-01,6.4553562013201575e-12
2022-02-02,0.0
2022-02-03,0.0
2022-02-04,0.0
2022-02-07,0.6416319062204169
2022-02-08,1.601608261656069
2022-02-09,-1.1207477674077797
2022-02-10,-4.004813903383447e-06
2022-02-11,0.1602134900150114
2022-02-14,1.2804386831370909
2022-02-15,0.7991343915961487
2022-02-16,2.8555797495748223e-06
2022-02-17,1.117307667505854
2022-02-18,1.1155966821086163
2022-02-21,-0.6372678602706644
2022-02-22,0.478003984429068
2022-02-23,0.31849798598539675
2022-02-24,0.4774840160467233
2022-02-25,-0.6367118645711816
2022-02-28,-0.4779037682917438
2022-03-01,0.3186342003171651
2022-03-02,0.795980294447096
2022-03-03,-0.15912326351308914
2022-03-04,-0.1591615228277321
2022-03-07,0.47737776997924647
2022-03-08,1.7058330404838126e-06
2022-03-09,-0.31821738448586456
2022-03-10,-1.1370993752213833e-06
2022-03-11,1.2084855673688248
2022-03-14,0.5399927358753064
2022-03-15,-0.31758972702508387
2022-03-16,-0.031767934597478585
2022-03-17,-0.44488115766188924
2022-03-18,-0.1589536941337643
2022-03-21,-5.679951725129983e-07
2022-03-22,0.3178694538161044
2022-03-23,0.06355834761155897
2022-03-24,-0.09533767484630803
2022-03-25,-0.2542959022694576
2022-03-28,-0.03179411070150178
2022-03-29,0.15895199081056632
2022-03-30,-0.34973995977987077
2022-03-31,-0.5090153611151326
2022-04-01,-0.0318270403268828
2022-04-04,0.2863767238583326
2022-04-05,0.8584551292640356
2022-04-06,-0.22246176559661518
2022-04-07,-0.2225337419738993
2022-04-08,0.03179379763609208
2022-04-11,1.1361039592951397e-07
2022-04-12,0.8896843747951303
2022-04-13,-0.031752516961696946
2022-04-14,0.4127157527568974
2022-04-15,-0.03173758043199335
2022-04-18,-0.28571399820045423
2022-04-19,2.0609689344619615
2022-04-20,0.22160979943520429
2022-04-21,7.918875827146255e-07
2022-04-22,0.09495179249061358
2022-04-25,0.5694507428595605
2022-04-26,-0.41122294204526494
2022-04-27,-0.15822689611807222
2022-04-28,-0.2848931650755311
2022-04-29,0.18993978916866988
2022-05-02,6.787200242205221e-07
2022-05-03,2.582142480528063e-12
2022-05-04,0.12659963358438503
2022-05-05,-0.3482016160906205
2022-05-06,-1.2442427953084149e-06
2022-05-09,-0.1583288307293154
2022-05-10,-0.2850794062746814
2022-05-11,3.4451197327576897
2022-05-12,1.4490307227673123
2022-05-13,-0.3147531720959092
2022-05-16,0.2832875235955393
2022-05-17,0.7863350655836642
2022-05-18,0.5970482355282096
2022-05-19,0.03141199515201864
2022-05-20,0.6279124576249783
2022-05-23,0.3137551061891379
2022-05-24,1.2536598960964573
2022-05-25,-0.626554606094058
2022-05-26,0.4699677060767096
2022-05-27,-0.3132778490165261
2022-05-30,-0.5956044995641069
2022-05-31,0.2821866309292228
2022-06-01,0.34474965931319196
2022-06-02,-0.09400491121935892
2022-06-03,-0.18804910657730775
2022-06-06,-0.21945241568734863
2022-06-07,0.1567572223726598
2022-06-08,0.06269429731899454
2022-06-09,-1.0037490972287273
2022-06-10,0.6902229557071942
2022-06-13,0.5642461289282366
2022-06-14,0.4698706854930515
2022-06-15,0.6260210928793424
2022-06-16,0.06257453219925735
2022-06-17,-0.3755143776599254
2022-06-20,0.3129409642074656
2022-06-21,-0.12515963539159253
2022-06-22,0.28158094502467673
2022-06-23,0.2814733499465556
2022-06-24,0.09380090198406976
2022-06-27,-0.0625315838597608
2022-06-28,0.31260558548852285
2022-06-29,0.31247252967216876
2022-06-30,-0.31247029605436955
2022-07-01,1.4050635356409422
2022-07-04,1.0909582570137122
2022-07-05,0.7782548503056498
2022-07-06,0.40436418182594525
2022-07-07,-0.7155603437117537
2022-07-08,0.15561429293415124
2022-07-11,-0.249002399416918
2022-07-12,1.3063139420290766
2022-07-13,-0.031070796303290862
2022-07-14,0.8385714134637275
2022-07-15,1.0856021446632473
2022-07-18,-0.31000188131394496
2022-07-19,-0.8687213446928674
2022-07-20,-0.062094300257781274
2022-07-21,-2.2188350335177644e-07
2022-07-22,-0.31053557172689716
2022-07-25,-0.46605338247733674
2022-07-26,-0.4663529772112112
2022-07-27,0.15548202108853107
2022-07-28,-0.5287797475232094
2022-07-29,-0.7160234228073726
2022-08-01,0.6226648554316528
2022-08-02,-0.062240516719855074
2022-08-03,1.2749117898389366
2022-08-04,-0.031064266613662884
2022-08-05,-0.24859851252794601
2022-08-08,0.09323347708417895
2022-08-09,-0.0932340322564319
2022-08-10,-3.331570603364125e-07
2022-08-11,0.15538396522195785
2022-08-12,0.06214484107738471
2022-08-15,0.2485242438304355
2022-08-16,0.09317549168571668
2022-08-17,-0.062114742261260444
2022-08-18,-2.2195709441247149e-07
2022-08-19,-0.031059528415778966
2022-08-22,0.31053546073995797
2022-08-23,0.620674498836691
2022-08-24,-0.155116445508223
2022-08-25,-0.062057290540006055
2022-08-26,-0.34140701527313755
2022-08-29,0.5585809732035789
2022-08-30,-0.46545334783949505
2022-08-31,1.0855974849379644
2022-09-01,3.879210746703121e-06
2022-09-02,1.4201783642904347e-11
2022-09-05,1.7026721534813662
2022-09-06,0.4636797807023637
2022-09-07,1.8517440459846073
2022-09-08,-1.1722156478704073
2022-09-09,-0.8340493470199445
2022-09-12,0.1545220536353815
2022-09-13,1.0190426463511295
2022-09-14,1.140869509946042
2022-09-15,0.92371760232589
2022-09-16,0.9225443527829376
2022-09-19,0.6143807588196128
2022-09-20,2.1953917619370504e-06
2022-09-21,0.6138585623181414
2022-09-22,0.306737160970843
2022-09-23,1.096076877633234e-06
2022-09-26,0.4598598663853245
2022-09-27,0.4595707351021667
2022-09-28,1.6422025944073998e-06
2022-09-29,2.751328817034104
2022-09-30,1.0671646035405453
2022-10-03,0.7612990485197307
2022-10-04,-0.1521925465510967
2022-10-05,-0.30448672112920455
2022-10-06,0.15225794563695624
2022-10-07,0.15222768769113734
2022-10-10,-0.15222659966021568
2022-10-11,1.6727470173510355
2022-10-12,0.607324579225007
2022-10-13,5.292503931478869
2022-10-14,-0.30137379178522583
2022-10-17,6.004233768433231
2022-10-18,3.578896940429637
2022-10-19,0.5947824573057797
2022-10-20,2.374225533711123
2022-10-21,8.542131670541425
2022-10-24,0.29280333538876313
2022-10-25,0.29265597054464254
2022-10-26,-0.29265387849796914
2022-10-27,-1.0457522117589824e-06
2022-10-28,-0.29277281144224554
2022-10-31,0.5854266895193254
2022-11-01,0.29253922389911335
2022-11-02,-0.4388488187924794
2022-11-03,0.7312677304481408
2022-11-04,0.2923044447062639
2022-11-07,1.044503745869647e-06
2022-11-08,0.029223718652817015
2022-11-09,-0.2630556743343293
2022-11-10,0.08769489874693985
2022-11-11,-1.7559300625325116
2022-11-14,-2.0539678603054794
2022-11-15,0.8809727617545255
2022-11-16,0.29342604040355186
2022-11-17,0.8795596406102808
2022-11-18,-0.14651605812973303
2022-11-21,1.025014144575424
2022-11-22,0.4388535268606338
2022-11-23,-0.17550658124479637
2022-11-24,-0.3218756828420171
2022-11-25,-2.139700640978069
2022-11-28,0.29347448795771064
2022-11-29,-0.5870817736814933
2022-11-30,-3.5324926218283794
2022-12-01,-3.846351918897114
2022-12-02,-4.46353951020932
2022-12-05,-11.128689524625404
2022-12-06,-3.976660416596878e-05
2022-12-07,-2.42876915943691
2022-12-08,-3.6584484228834375
2022-12-09,-7.063916289805149
2022-12-12,4.001047928131407
2022-12-13,-2.459576864294952
2022-12-14,-2.467951719001126
2022-12-15,-0.6183061717926593
2022-12-16,2.470037532638249
2022-12-19,3.6893999695827002
2022-12-20,0.9194421417316455
2022-12-21,-0.9194256727662243
2022-12-22,-2.1498715176359027
2022-12-23,-2.1562540028753854
2022-12-26,0.9248812781921475
2022-12-27,-0.30816226873550373
2022-12-28,1.2318779980927257
2022-12-29,-0.6156741563456054
2022-12-30,0.3079022716859074
2023-01-02,1.1002392913118453e-06
2023-01-03,-2.93037243576797
2023-01-04,-0.15456836538329818
2023-01-05,-1.0828270720764535
2023-01-06,-0.464566681273615
2023-01-09,-0.40286309529214664
2023-01-10,-0.06199994634949313
2023-01-11,-0.1550196301687421
2023-01-12,-0.06201757642305029
2023-01-13,-0.09303567855354643
2023-01-16,0.31007155560275773
2023-01-17,-0.5582235696588022
2023-01-18,0.31017575604531866
2023-01-19,0.09302862662301963
2023-01-20,3.324224408007023e-07
2023-01-23,1.2910712402640315e-12
2023-01-24,0.0
2023-01-25,0.0
2023-01-26,0.0
2023-01-27,0.6198793506406484
2023-01-30,0.3097437473524483
2023-01-31,-0.7746003675104318
2023-02-01,-0.15502217653305642
2023-02-02,0.279010580069122
2023-02-03,-0.2790101370160777
2023-02-06,1.2392294729874278
2023-02-07,3.7050684987930405
2023-02-08,-0.3080217278703718
2023-02-09,-0.9248900838893167
2023-02-10,0.15422661490372588
2023-02-13,0.9246934170174852
2023-02-14,0.15400446904695164
2023-02-15,0.4618083565300855
2023-02-16,1.9977850053817405
2023-02-17,3.9791749762904347
2023-02-20,-2.5992826311383728
2023-02-21,-0.6129618815426934
2023-02-22,2.2959094626683076
2023-02-23,1.0689567026664897
2023-02-24,-1.0689446788516024
2023-02-27,0.7636912117586733
2023-02-28,-1.987275915712397
2023-03-01,-0.9190485234449187
2023-03-02,-0.30660885477448013
2023-03-03,0.3066044750825493
2023-03-06,-1.8415754671082312
2023-03-07,-0.3073901734750184
2023-03-08,2.1489590571979686
2023-03-09,-0.920197332633591
2023-03-10,-0.6141211908485057
2023-03-13,-2.7699722849556547
2023-03-14,-9.898055761690008e-06
2023-03-15,-0.1541971989932788
2023-03-16,-0.15423047085065988
2023-03-17,0.3084265676912798
2023-03-20,1.1021139267527085e-06
2023-03-21,3.873213720792094e-12
2023-03-22,-1.8525290264782044
2023-03-23,-0.6185670779668535
2023-03-24,0.6185582478968413
2023-03-27,-0.3092122144989975
2023-03-28,-0.6188248924708467
2023-03-29,-2.2112719381922976e-06
2023-03-30,-0.30960958704143215
2023-03-31,-0.6196162287532311
2023-04-03,0.6196129083116617
2023-04-04,-0.3097393182241086
2023-04-05,0.15488615954023605
2023-04-06,-0.43376699816266523
2023-04-07,-0.27898888420436674
2023-04-10,-0.06201272807613244
2023-04-11,0.155019187029196
2023-04-12,-0.0930071235319845
2023-04-13,-0.06201206349979366
2023-04-14,-2.215904301802365e-07
2023-04-17,1.3939858191424814
2023-04-18,0.618697076064307
2023-04-19,0.1855071874664576
2023-04-20,-0.7113590132650007
2023-04-21,-0.09283993731136743
2023-04-24,0.27847628679045416
2023-04-25,-0.6499438343893386
2023-04-26,-0.24775331368815345
2023-04-27,-0.6197480936699802
2023-04-28,0.15498413734605992
2023-05-01,5.538114638674576e-07
2023-05-02,2.582142480528063e-12
2023-05-03,0.0
2023-05-04,-0.1549863519179762
2023-05-05,-0.15501996244141864
2023-05-08,0.09301505882765568
2023-05-09,0.526864070248384
2023-05-10,0.15488914900923753
2023-05-11,5.534719121312681e-07
2023-05-12,-0.4647608564425063
2023-05-15,0.24790777955707582
2023-05-16,-0.2479085544464146
2023-05-17,-8.858620761509639e-07
2023-05-18,-2.582142480528063e-12
2023-05-19,0.30987359010046384
2023-05-22,-0.6818952658410428
2023-05-23,0.9916354687936669
2023-05-24,3.543452177817576e-06
2023-05-25,1.2910712402640315e-11
2023-05-26,0.15482127965092937
2023-05-29,-0.3096749923889872
2023-05-30,0.4644627464263564
2023-05-31,0.15475700884126423
2023-06-01,5.529993800573315e-07
2023-06-02,-0.3095436565377394
2023-06-05,0.6189544301916621
2023-06-06,-0.3094096680205357
2023-06-07,-1.105626931597467e-06
2023-06-08,0.15472240495857204
2023-06-09,-0.619086788278259
2023-06-12,0.30960737482572087
2023-06-13,0.4641683352466813
2023-06-14,0.15465821726807333
2023-06-15,0.7727900933626703
2023-06-16,-0.15448942631433138
2023-06-19,-5.520439873395362e-07
2023-06-20,-2.582142480528063e-12
2023-06-21,-0.4636736964736279
2023-06-22,0.3091470056318281
2023-06-23,1.1046883228057951e-06
2023-06-26,0.4634765772388374
2023-06-27,-0.3089498870967982
2023-06-28,1.0807552209125904
2023-06-29,0.4318568125626459
2023-06-30,0.18500285790751053
2023-07-03,3.690172300880703
2023-07-04,0.15336448854873974
2023-07-05,1.3787081911103822
2023-07-06,-1.0720971457908215
2023-07-07,-2.302704546551715
2023-07-10,0.15373233162584743
2023-07-11,1.5356201667999385
2023-07-12,-0.9209768888269346
2023-07-13,0.15357483841047553
2023-07-14,-1.0757284692494282
2023-07-17,-3.843945135775308e-06
2023-07-18,0.1537730873183995
2023-07-19,-0.1537725378488082
2023-07-20,0.5226952620217358
2023-07-21,0.2765710718392402
2023-07-24,0.2764649907332268
2023-07-25,-0.3071877295060974
2023-07-26,0.30718761972243663
2023-07-27,-0.12285880956206914
2023-07-28,0.7368476733380913
2023-07-31,-0.15344579880431072
2023-08-01,-5.483140825264133e-07
2023-08-02,1.6861535434067223
2023-08-03,0.45918798924137555
2023-08-04,-0.7654628791774317
2023-08-07,-0.15319242801130684
2023-08-08,0.3063465570501354
2023-08-09,0.15312623894735897
2023-08-10,0.15309343759119673
2023-08-11,0.30608962067599266
2023-08-14,1.9864441319187478
2023-08-15,4.5634910810923
2023-08-16,-0.9103911122165119
2023-08-17,-2.5857011582238063
2023-08-18,-1.3726413653654845
2023-08-21,-4.904915204243283e-06
2023-08-22,3.5026983193948844
2023-08-23,1.9723569955775646
2023-08-24,0.3029701596554273
2023-08-25,0.8778806263419711
2023-08-28,1.6922239120589655
2023-08-29,3.0120637957149654
2023-08-30,-2.1071182596531712
2023-08-31,-1.5088486247333859
2023-09-01,-5.39163098682546e-06
2023-09-04,-1.9366068603960472e-11
2023-09-05,-0.30214446270493317
2023-09-06,0.151086852397293
2023-09-07,0.15105707052753856
2023-09-08,-0.1510559908640496
2023-09-11,0.6040373047323554
2023-09-12,0.7543442028680558
2023-09-13,1.6568044574836869
2023-09-14,1.9531875463081925
2023-09-15,0.8997081397685477
2023-09-18,3.5877118306212803
2023-09-19,1.2820117933710987e-05
2023-09-20,-2.9885259810414206
2023-09-21,1.1968747204324497
2023-09-22,1.4933446307793385
2023-09-25,0.5964834120322912
2023-09-26,2.1314385480505714e-06
2023-09-27,0.14904306308901738
2023-09-28,5.325810883925559e-07
2023-09-29,-3.1363407110794985
2023-10-02,1.7938403687388014
2023-10-03,1.342495545130529
2023-10-04,1.0424513363136751
2023-10-05,-1.1914858771666694
2023-10-06,-0.5964823333874574
2023-10-09,0.29829809625929493
2023-10-10,0.596234482927168
2023-10-11,1.4884492912878093
2023-10-12,-0.14870230215357932
2023-10-13,0.1487070895270757
2023-10-16,0.5945269404593013
2023-10-17,0.8908808810175923
2023-10-18,1.9265025128909832
2023-10-19,-0.14800421402086228
2023-10-20,-0.8887006533327918
2023-10-23,2.0719426225789257
2023-10-24,-1.1832382699887698
2023-10-25,0.29598783240980525
2023-10-26,0.8872546708879471
2023-10-27,-0.5913788756482491
2023-10-30,-0.35506244980133783
2023-10-31,0.05918750073231275
2023-11-01,0.7394534186020518
2023-11-02,-0.4435789976741211
2023-11-03,-1.480565337157325
2023-11-06,-5.504466008307809
2023-11-07,-0.7470733835499381
2023-11-08,1.7916379120839823
2023-11-09,-0.8952618218042342
2023-11-10,-0.7469033722692046
2023-11-13,2.029773081722891
2023-11-14,-0.8350963657428955
2023-11-15,-1.9423436260261264
2023-11-16,-0.05985366098311516
2023-11-17,-1.1380252019843053
2023-11-20,-2.4016865313768623
2023-11-21,-1.2038324507478362
2023-11-22,2.255532300797275
2023-11-23,1.0502011338230248
2023-11-24,0.5994334729484642
2023-11-27,-0.8993279309879775
2023-11-28,-3.2136054241412006e-06
2023-11-29,0.8993300729565026
2023-11-30,-0.2996498496179101
2023-12-01,1.197870637681656
2023-12-04,-1.197867428032074
2023-12-05,0.4793813381578528
2023-12-06,0.2395760026202902
2023-12-07,0.029942090495932747
2023-12-08,-1.6486021959515502
2023-12-11,0.8996952693440231
2023-12-12,0.2996562781495242
2023-12-13,0.5690017548485542
2023-12-14,-1.018524586971251
2023-12-15,0.44952229659796594
2023-12-18,2.6913342232579427
2023-12-19,9.617055397317784e-06
2023-12-20,-0.44786393191673374
2023-12-21,-0.4481416790436679
2023-12-22,-2.5446946359457874
2023-12-25,-0.14997473778494355
2023-12-26,2.8440688736077986
2023-12-27,0.5973461278839503
2023-12-28,-3.2914375953298034
2023-12-29,0.7493526668165054
2024-01-01,2.6776920808775235e-06
2024-01-02,1.9447393365594747
2024-01-03,1.3433231650929034
2024-01-04,-0.2982954275414503
2024-01-05,0.29829916178297167
2024-01-08,-1.1939351279337445
2024-01-09,0.8956316998278075
2024-01-10,1.3413911441846884
2024-01-11,2.0816999405483876
2024-01-12,0.44531031862343207
2024-01-15,-0.5937962314660546
2024-01-16,0.8905127878987176
2024-01-17,0.8894283323483858
2024-01-18,0.4443079263937417
2024-01-19,-0.14806981848387935
2024-01-22,0.2961121230118199
2024-01-23,0.4439439577323422
2024-01-24,1.034815035247725
2024-01-25,0.14771399082453165
2024-01-26,-0.29545008378682536
2024-01-29,-1.9233630798401093
2024-01-30,-4.011019475409618
2024-01-31,0.5956083144614308
2024-02-01,-0.4466690900322825
2024-02-02,-1.9387552704577082
2024-02-05,1.0445799395827804
2024-02-06,-0.4474925326419929
2024-02-07,1.341661473179067
2024-02-08,4.794213591818084e-06
2024-02-09,1.678392612343241e-11
2024-02-12,0.0
2024-02-13,0.0
2024-02-14,0.0
2024-02-15,1.4878377653683992
2024-02-16,1.781399577376025
2024-02-19,0.5928355130742289
2024-02-20,-0.14815984206692764
2024-02-21,-5.294257102813506e-07
2024-02-22,1.9237536283467482
2024-02-23,1.1813293522039245
2024-02-26,0.8847377384184776
2024-02-27,-1.0322907042635274
2024-02-28,-0.14759400187048247
2024-02-29,0.5901809866097333
2024-03-01,2.1089183924066458e-06
2024-03-04,1.0611205471783927
2024-03-05,0.41224376244614785
2024-03-06,-0.7363054428581312
2024-03-07,0.44187102398458705
2024-03-08,-1.1789256780242716
2024-03-11,-0.1475046687278031
2024-03-12,0.2949704569020128
2024-03-13,0.884196411950473
2024-03-14,0.4416977915237143
2024-03-15,0.588510512977794
2024-03-18,0.1470549096348271
2024-03-19,0.7348185989587606
2024-03-20,1.027501425986477
2024-03-21,0.29330815282029266
2024-03-22,-0.4986870189250764
2024-03-25,-0.8221169964000868
2024-03-26,0.8807992237035456
2024-03-27,0.4400042674247459
2024-03-28,0.14660943855610423
2024-03-29,0.5861364383725096
2024-04-01,-0.43955552073044724
2024-04-02,3.071333794820195
2024-04-03,2.913074973073128
2024-04-04,-1.892152555632134
2024-04-05,0.43708365653815967
2024-04-08,0.2912492093335238
2024-04-09,-0.43691420811542614
2024-04-10,-0.2914243777247355
2024-04-11,1.31048242519239
2024-04-12,1.01763850481135
2024-04-15,4.77832153867573
2024-04-16,2.8807520966195215
2024-04-17,3.4418880501090867
2024-04-18,1.2299040290069184e-05
2024-04-19,1.1436800071895388
2024-04-22,0.42842054158553305
2024-04-23,-0.42841492393445063
2024-04-24,-1.0006230798127254
2024-04-25,-1.5751974618161169
2024-04-26,-0.5736508791532091
2024-04-29,-2.049850592093326e-06
2024-04-30,-7.746427441584188e-12
2024-05-01,0.0
2024-05-02,1.7195792593161843
2024-05-03,0.2862075638053981
2024-05-06,-0.8589415565567491
2024-05-07,0.8589395099828958
2024-05-08,0.7150139430536124
2024-05-09,0.4286716883650167
2024-05-10,0.2856405586805371
2024-05-13,0.08567084314884138
2024-05-14,-0.0856695163265474
2024-05-15,-0.14280578739223762
2024-05-16,-0.40000519544236557
2024-05-17,0.4856899115712817
2024-05-20,0.11423489798377988
2024-05-21,0.25695939781877003
2024-05-22,0.0856337306230633
2024-05-23,0.1426992432112471
2024-05-24,-0.11415639841095612
2024-05-27,-0.5710540570726096
2024-05-28,0.08568461520716839
2024-05-29,0.0571191316689222
2024-05-30,2.04106743444581e-07
2024-05-31,-0.2856390268890641
2024-06-03,-0.22859309508754222
2024-06-04,-0.6289999859765047
2024-06-05,0.14299991605416074
2024-06-06,0.14297454401768636
2024-06-07,-0.5720644494278224
2024-06-10,0.4290888831128155
2024-06-11,0.5717289921187911
2024-06-12,2.0429820930951217e-06
2024-06-13,7.746427441584188e-12
2024-06-14,0.42850064790426173
2024-06-17,1.531179505243375e-06
2024-06-18,-0.14280548126117154
2024-06-19,0.14280497097301026
2024-06-20,5.102907434293974e-07
2024-06-21,1.2910712402640315e-12
2024-06-24,0.14277742793698286
2024-06-25,5.101926220151374e-07
2024-06-26,0.28547073995145933
2024-06-27,-0.2854697198657439
2024-06-28,-0.28558392928386994
2024-07-01,0.14280446077780612
2024-07-02,5.102894523581572e-07
2024-07-03,1.2910712402640315e-12
2024-07-04,0.0
2024-07-05,-1.0860260285660472
2024-07-08,0.08579404108240644
2024-07-09,-0.05719718260481854
2024-07-10,0.05719728479052507
2024-07-11,0.2287451591249935
2024-07-12,-0.3717463010396772
2024-07-15,-1.4315725900394582
2024-07-16,0.4297624113083611
2024-07-17,-1.7205954278285867
2024-07-18,-0.14357325878048843
2024-07-19,0.14356659746872966
2024-07-22,0.2870496852142145
2024-07-23,0.8604689572139597
2024-07-24,-0.1433375222182911
2024-07-25,-1.8660053743275928
2024-07-26,0.43103525119607894
2024-07-29,-0.7185437427779428
2024-07-30,-2.5676024362202092e-06
2024-07-31,-1.1511520831726059
2024-08-01,-0.576264595237957
2024-08-02,-0.2883037268232205
2024-08-05,-3.6134543047663565
2024-08-06,1.4475248987237708
2024-08-07,0.7226943983660761
2024-08-08,-0.5780912993633703
2024-08-09,-1.3023969291296014
2024-08-12,0.8685178488494748
2024-08-13,-0.1446785919146234
2024-08-14,-2.7544391177170144
2024-08-15,0.4355961007072483
2024-08-16,0.43534657977506863
2024-08-19,-2.615988651475884
2024-08-20,-1.3115438292518733
2024-08-21,0.43743649096374215
2024-08-22,0.8740948669853699
2024-08-23,0.14558319294347158
2024-08-26,-3.0633213022606176
2024-08-27,-1.1703952484280173
2024-08-28,1.0241851089469791
2024-08-29,0.43850050236741656
2024-08-30,-0.2923002647249789
2024-09-02,-1.0444882530147638e-06
2024-09-03,-3.873213720792094e-12
2024-09-04,-0.23392613480715807
2024-09-05,-3.5767349445466756
2024-09-06,-3.830757683558882
2024-09-09,2.3597562238552308
2024-09-10,-0.5892161599039871
2024-09-11,-3.2493037743184177
2024-09-12,0.7397426459383276
2024-09-13,-1.3320976075864646
2024-09-16,-4.7600389360882955e-06
2024-09-17,2.661763484086365
2024-09-18,-0.5906516300762561
2024-09-19,-1.034815559483329
2024-09-20,0.7392990763738578
2024-09-23,0.738554168146834
2024-09-24,-0.7385488872729756
2024-09-25,-0.2956335134369197
2024-09-26,1.034181344329585
2024-09-27,-0.7385478308965386
2024-09-30,-1.03523721475832
2024-10-01,1.183001232637439
2024-10-02,1.68246621237009
2024-10-03,2.736741840452055
2024-10-04,0.29366978111166747
2024-10-07,2.491332132276412
2024-10-08,-0.14630382978645515
2024-10-09,-0.1463427148859104
2024-10-10,-5.229329130140628e-07
2024-10-11,-0.7321532749388415
2024-10-14,1.024805582962261
2024-10-15,2.4828242031418006
2024-10-16,1.3110176353252991
2024-10-17,6.086970825157259
2024-10-18,-0.866429964633611
2024-10-21,3.89092110747538
2024-10-22,3.0119527746037225
2024-10-23,0.28621218189750663
2024-10-24,-0.4293433795740499
2024-10-25,-0.8594519629582135
2024-10-28,-0.2867125401471401
2024-10-29,-1.4352473332799711
2024-10-30,-0.4311322759615168
2024-10-31,-0.287561779573838
2024-11-01,0.2875592114356072
2024-11-04,0.8619997384753684
2024-11-05,0.5741014470119422
2024-11-06,1.146840150665349
2024-11-07,-0.5731887507185318
2024-11-08,-2.584978671970332
2024-11-11,1.4372237695332009
2024-11-12,0.8609827225373716
2024-11-13,-0.28687614346947976
2024-11-14,1.7195782342094925
2024-11-15,-0.28630801882963386
2024-11-18,0.7155730177604694
2024-11-19,-0.2861425233132845
2024-11-20,0.5721765269038827
2024-11-21,2.0445817303618087e-06
2024-11-22,0.05719298827714994
2024-11-25,-0.20019494758452874
2024-11-26,-0.14303102076841864
2024-11-27,-0.8587739405527179
2024-11-28,-0.48709213774490484
2024-11-29,-0.40137916875803087
2024-12-02,0.8598217993034251
2024-12-03,0.6012746852881149
2024-12-04,0.14308877065353848
2024-12-05,-0.5725150713256333
2024-12-06,-0.14320143440892213
2024-12-09,-0.14322811973209965
2024-12-10,-0.2865404305825679
2024-12-11,0.5729658915152027
2024-12-12,0.4008103028806181
2024-12-13,0.17170875938506705
2024-12-16,-0.42934378873389195
2024-12-17,1.2872715468028786
2024-12-18,0.42858947394385255
2024-12-19,0.14280701276215355
2024-12-20,-0.14280497096784597
2024-12-23,-0.14283405591476275
2024-12-24,-0.42866964377166666
2024-12-25,-0.1429474452276531
2024-12-26,0.14294540264579209
2024-12-27,0.5715031897933359
2024-12-30,0.8849440549091052
2024-12-31,0.11411078385183773
2025-01-01,4.0775644767010854e-07
2025-01-02,-0.8562441531102645
2025-01-03,-1.4293220936889226
2025-01-06,-0.858947686729546
2025-01-07,-0.28654298809270023
2025-01-08,0.2865388948636562
2025-01-09,0.14322863192588206
2025-01-10,-0.4297670149998611
2025-01-13,0.8592795431866632
2025-01-14,-0.2863110929696694
2025-01-15,-0.14320041170491415
2025-01-16,-0.1432281197295175
2025-01-17,-1.5773698672940495
2025-01-20,-5.636480065399053e-06
2025-01-21,-1.5808001170699422
2025-01-22,-6.0676132935901625
2025-01-23,0.8698868537589255
2025-01-24,-0.5798202127914592
2025-01-27,-2.0718956335208344e-06
2025-01-28,-7.746427441584188e-12
2025-01-29,0.0
2025-01-30,0.0
2025-01-31,0.0
2025-02-03,6.352756726250193
2025-02-04,-3.458232013821682
2025-02-05,-0.4334534762844042
2025-02-06,3.316459988737593
2025-02-07,0.8626926578443982
2025-02-10,2.5819187448758583
2025-02-11,4.28292376794006
2025-02-12,0.5691684223683898
2025-02-13,-3.1358700362735124
2025-02-14,-2.0026337919532455
2025-02-17,2.8591959591389404
2025-02-18,0.8555824105230891
2025-02-19,0.42741176973388034
2025-02-20,-0.42740718515798115
2025-02-21,0.2849655395301018
2025-02-24,-1.1976122140476693
2025-02-25,1.4824643335593335
2025-02-26,0.42707914838289796
2025-02-27,-0.42707232493324854
2025-02-28,0.2847422560471953
2025-03-03,1.2799693457724597
2025-03-04,-0.9953314835780435
2025-03-05,-1.424280897750535
2025-03-06,-0.14258645224403202
2025-03-07,-0.1426098486458535
2025-03-10,1.2824773157880542
2025-03-11,-2.1387173957647985
2025-03-12,-0.14281312363343546
2025-03-13,1.284239825996132
2025-03-14,0.28508342954186605
2025-03-17,0.2849680855019305
2025-03-18,1.0182885443360857e-06
2025-03-19,0.711929231744818
2025-03-20,0.2845790920686523
2025-03-21,1.1371942777549022
2025-03-24,0.9935906770624856
2025-03-25,-0.5675938970505847
2025-03-26,-1.2787192872073136
2025-03-27,0.1421862742657637
2025-03-28,-0.2844090023256462
2025-03-31,0.42657152529347053
2025-04-01,1.561962356031105
2025-04-02,-0.5675918660638345
2025-04-03,5.374360423376553
2025-04-04,-0.2818533973535493
2025-04-07,-1.0071582191737697e-06
2025-04-08,6.036300320369429
2025-04-09,-0.9792220509892873
2025-04-10,-6.185645044385294
2025-04-11,-0.706278591379186
2025-04-14,3.0742613937951266
2025-04-15,-0.9575389967825783
2025-04-16,1.1263950906576419
2025-04-17,0.19694441220886677
2025-04-18,2.4712811466508775
2025-04-21,-1.5154623611147289
2025-04-22,2.636003280584353
2025-04-23,0.8392802915461673
2025-04-24,0.950006548689313
2025-04-25,-0.2094494922858843
2025-04-26,0.09775144373382079
2025-04-28,-0.6985181999692814
2025-04-29,0.1397549305121911
2025-04-30,4.993915200190884e-07
2025-05-01,1.2910712402640315e-12
2025-05-02,0.0
2025-05-05,-1.3287818372175155
2025-05-06,0.1679754905128242
2025-05-07,-0.027993410269335144
2025-05-08,0.027993910472938973
2025-05-09,0.41978092177972953
2025-05-12,-0.20985860439321563
2025-05-13,-0.265910566503258
2025-05-14,-0.8823986604552495
2025-05-15,0.4903500496238213
2025-05-16,-0.7286424260900972
2025-05-19,0.7286415745898822
2025-05-20,0.6299710016878732
2025-05-21,0.08395679689669121
2025-05-22,0.0979350148698302
2025-05-23,-0.6298103451530109
2025-05-26,-1.1630866676917162
2025-05-27,0.140225150632581
2025-05-28,1.470777045948554
2025-05-29,1.5376331856161503
2025-05-30,-0.09774669767976837
2025-06-02,0.20945253770087585
2025-06-03,0.7256371215550282
2025-06-04,0.8085124805983707
2025-06-05,-0.04179453807622838
2025-06-06,-0.7946083090222228
2025-06-09,-0.3208803579853567
2025-06-10,-0.8377403551862708
2025-06-11,0.48879555128689867
2025-06-12,0.20938624740532308
2025-06-13,1.046019390600215
2025-06-16,-0.37638957193073047
2025-06-17,0.5575488767013889
2025-06-18,0.5571248332066907
2025-06-19,0.7375325725106052
2025-06-20,0.013911115637672538
2025-06-23,2.402170023443641
2025-06-24,-1.2486843741568927
2025-06-25,-0.4167126403685405
2025-06-26,-0.9732506946459758
2025-06-27,-0.6959802565651335
2025-06-30,0.7098870318446516
2025-07-01,0.26429400850208346
2025-07-02,1.1117541165483058
2025-07-03,0.832704267584272
2025-07-04,-0.5550245386989281
2025-07-07,-0.9723211845859124
2025-07-08,-0.27804804346166856
2025-07-09,0.11122959847097795
2025-07-10,-0.6815543088009208
2025-07-11,-2.435426435855699e-06
2025-07-14,0.2921731370145709
2025-07-15,0.3476731360835673
2025-07-16,0.6253922127392383
2025-07-17,2.234739740126577e-06
2025-07-18,7.746427441584188e-12
2025-07-21,-0.1389292739722268
2025-07-22,-0.27793873866954677
2025-07-23,0.1389814137112613
2025-07-24,-0.41702647927838205
2025-07-25,0.27804307884862123
2025-07-28,1.5273477090711867
2025-07-29,0.6931943463002954
2025-07-30,-0.6238377645242834
2025-07-31,-0.09709218786088634
2025-08-01,0.5823449554285575
2025-08-04,-1.2068028307678347
2025-08-05,2.037913891269605
2025-08-06,-0.6925211118931748
2025-08-07,-0.2771987001592519
2025-08-08,0.2771952350195823
2025-08-11,0.22168187814537707
2025-08-12,1.0243963029098009
2025-08-13,0.5531303954130546
2025-08-14,-0.6914722403848725
2025-08-15,0.13834501114715791
2025-08-18,0.8295328209308086
2025-08-19,0.5524989958042322
2025-08-20,1.9304373576584504
2025-08-21,1.1695603151086829
2025-08-22,-2.2720272566147672
2025-08-25,-1.24229812797008
2025-08-26,1.6559108271403333
2025-08-27,0.41339591476309334
2025-08-28,-0.13776906525454563
2025-08-29,-0.8271726163684119
2025-09-01,-2.955769459961792e-06
2025-09-02,-1.0328569922112252e-11
2025-09-03,1.1715495266628901
2025-09-04,0.06886009038802887
2025-09-05,0.2753586485094301
2025-09-08,0.41284308228110633
2025-09-09,-0.7570549295926311
2025-09-10,0.20654544032398112
2025-09-11,0.2064902023677235
2025-09-12,-0.4818992998744793
2025-09-15,-1.721990797055717e-06
2025-09-16,-0.06886895297108803
2025-09-17,-0.2066462678325983
2025-09-18,0.27551423628698346
2025-09-19,-0.0688679684582584
2025-09-22,0.9635717628455133
2025-09-23,0.06878115740129868
2025-09-24,-0.02751005890737297
2025-09-25,-0.38525373915881866
2025-09-26,0.13761265284784288
2025-09-29,0.30265967122392745
2025-09-30,0.16503480032727555
2025-10-01,-0.46769230858340416
2025-10-02,-0.39915416239107393
2025-10-03,-0.3993732465924715
2025-10-06,-0.44094239967556775
2025-10-07,-1.5756375434018669e-06
2025-10-08,-0.1378489325314342
2025-10-09,-0.3447372512006214
2025-10-10,-0.20692180111061612
2025-10-13,0.13795285208724503
2025-10-14,0.2896178322165374
2025-10-15,-0.42756989584915817
2025-10-16,-0.13798130891767485
2025-10-17,0.19316386679699082
2025-10-20,0.013796180272136275
2025-10-21,0.013795277484116164
2025-10-22,0.12414532153788566
2025-10-23,-0.4277003504694023
2025-10-24,-0.7456303093863711
2025-10-27,-2.6643914649603234e-06
2025-10-28,0.6352135139141715
2025-10-29,0.2208160326066334
2025-10-30,-0.16560324339047677
2025-10-31,-0.414175830187972
2025-11-03,-0.082864857575742
2025-11-04,0.22094772036258697
2025-11-05,0.06903327231637324
2025-11-06,-0.20711687499807102
2025-11-07,-0.13811161834275623
2025-11-10,-0.2763010079934532
2025-11-11,0.41441040539931195
2025-11-12,1.1039447263988174
2025-11-13,3.944771344283728e-06
2025-11-14,-0.13790124213542074
2025-11-17,0.13790074938129795
2025-11-18,0.7717642972390721
2025-11-19,-0.1653062257781068
2025-11-20,-0.027555743756282884
2025-11-21,-0.6340571234544726
2025-11-24,0.6202767909901445
2025-11-25,-0.06889154308859138
2025-11-26,0.09644918878905401
2025-11-27,-0.027555330765832404
2025-11-28,-0.2893977831214288
2025-12-01,0.13782175847711192
2025-12-02,0.13779715505924328
2025-12-03,-0.06889457325732264
2025-12-04,0.05511632878054001
2025-12-05,-0.39968970005713705
2025-12-08,-1.4282281934734809e-06
2025-12-09,0.344573322036431
2025-12-10,-0.4272940015747108
2025-12-11,-0.8139355237951824
2025-12-12,-0.5937838085578077
2025-12-15,0.3867009969716041
2025-12-16,0.6900313345005714
2025-12-17,-0.27593090683532845
2025-12-18,-0.2760391566402059
2025-12-19,-0.345196193332158
2025-12-22,0.759211925155388
2025-12-23,-0.24837975616955954
2025-12-24,-0.303694779650721
2025-12-25,-1.105413457330419
2025-12-26,0.30415208874497796
2025-12-29,-0.1658864278587751
2025-12-30,-0.5532325848998356
2025-12-31,0.9678778317022647
